receiver,id_pk,station_name,deploy_date_time,recover_date_time,deploy_lat,deploy_long,detection_count
VR2-2912,2093,07 MG entremontes,00:00.0,00:00.0,38.5228,-28.622,11651
VR2-2912,2094,07 MG entremontes,00:00.0,00:00.0,38.5228,-28.622,25063
VR2-2912,2095,07 MG entremontes,00:00.0,00:00.0,38.5228,-28.622,7063
VR2-2914,2082,03 MG caldeirinha fora,00:00.0,00:00.0,38.5164,-28.6264,128307
VR2-2914,2083,03 MG caldeirinha fora,00:00.0,00:00.0,38.5164,-28.6264,117297
VR2-2914,2084,03 MG caldeirinha fora,00:00.0,00:00.0,38.5164,-28.6264,129316
VR2-2914,2085,03 MG caldeirinha fora,00:00.0,00:00.0,38.5164,-28.6264,239794
VR2-2920,2078,02 MG almeida,00:00.0,00:00.0,38.5167,-28.6319,1549
VR2-2920,2079,02 MG almeida,00:00.0,00:00.0,38.5167,-28.6319,5794
VR2-2920,2080,02 MG almeida,00:00.0,00:00.0,38.5167,-28.6319,846
VR2-2961,2075,01 MG pasteleiro,00:00.0,00:00.0,38.51973,-28.63908,1547
VR2-2961,2076,01 MG Pasteleiro,00:00.0,00:00.0,38.5197,-28.6391,796
VR2-3054,2097,08 MG doca,00:00.0,00:00.0,38.5285,-28.6203,27614
VR2-3054,2098,08 MG doca,00:00.0,00:00.0,38.5285,-28.6203,360
VR2-3054,2099,08 MG doca,00:00.0,00:00.0,38.5285,-28.6203,161
VR2-3055,2087,06 MG ponta radares,00:00.0,00:00.0,38.5191,-28.6192,1817
VR2-3055,2088,06 MG ponta radares,00:00.0,00:00.0,38.5191,-28.6192,5559
VR2-3055,2089,06 MG ponta radares,00:00.0,00:00.0,38.5191,-28.6192,1065
VR2-3055,2090,06 MG ponta radares,00:00.0,00:00.0,38.5191,-28.6192,6627
VR2-4833,2304,stMel,00:00.0,00:00.0,51.00435542,3.805413233,58
VR2-4833,2305,stMel,00:00.0,00:00.0,51.00435542,3.805413233,147
VR2-5326,2388,MerAsp,00:00.0,00:00.0,50.9723361,3.70150512,355
VR2-5326,2389,MerAsp,00:00.0,00:00.0,50.9723361,3.70150512,411
VR2-5326,2390,MerAsp,00:00.0,00:00.0,50.9723361,3.70150512,3284
VR2-5773,1356,AspOud,00:00.0,00:00.0,50.88042487,3.632977841,687
VR2-5773,2385,AspOud,00:00.0,00:00.0,50.88042487,3.632977841,747
VR2-5773,2386,AspOud,00:00.0,00:00.0,50.88042487,3.632977841,837
VR2-5936,1357,stgKer,00:00.0,00:00.0,50.7917709,3.496742904,7697
VR2-5936,2350,stgKer,00:00.0,00:00.0,50.7917709,3.496742904,11152
VR2-5936,2351,stgKer,00:00.0,00:00.0,50.7917709,3.496742904,11500
VR2-7328,2086,04 MG caldeirinha dentro,00:00.0,00:00.0,38.5183,-28.6278,95354
VR2AR-545564,1670,500m,00:00.0,00:00.0,,,35418
VR2AR-545564,1677,Belreef 2,00:00.0,00:00.0,51.4066,3.459,17362
VR2AR-545588,1687,WS-250m,00:00.0,00:00.0,51.40839,3.45679,5952
VR2AR-545588,1854,WS-250m,00:00.0,00:00.0,51.40839,3.45679,37916
VR2AR-545588,1855,BPNS-Belreef1,00:00.0,00:00.0,51.40839,3.45679,19246
VR2AR-545718,1518,bpns-C05AR1Belwind,00:00.0,00:00.0,51.671118,2.800503,166920
VR2AR-545718,1688,bpns-C05AR1Belwind,00:00.0,00:00.0,51.671118,2.800503,26401
VR2AR-545718,2054,bpns-CNB05,00:00.0,00:00.0,51.6703,2.80098,269500
VR2AR-545718,2209,bpns-CNB05,00:00.0,00:00.0,51.6703,2.80098,32230
VR2AR-545718,2726,PC4C-C05-1,00:00.0,00:00.0,51.66781,2.799806,57847
VR2AR-545720,1519,bpns-C05AR3Belwind,00:00.0,00:00.0,51.667386,2.79966,17423
VR2AR-545720,2036,bpns-C05AR3Belwind,00:00.0,00:00.0,51.667386,2.79966,80094
VR2AR-545720,2056,bpns-CNB06,00:00.0,00:00.0,51.66882,2.80399,393841
VR2AR-545720,2210,bpns-CNB06,00:00.0,00:00.0,51.66882,2.80399,35614
VR2AR-545720,2727,PC4C-C05-2,00:00.0,00:00.0,51.667924,2.801819,89687
VR2AR-546043,1993,bpns-RTNZ01,00:00.0,00:00.0,51.55004529,2.940354651,63433
VR2AR-546043,2051,bpns-CNB02,00:00.0,00:00.0,51.67115,2.80438,241905
VR2AR-546043,2728,PC4C-C05-3,00:00.0,00:00.0,51.667783,2.804181,97597
VR2AR-546044,1994,bpns-RTNZ02,00:00.0,00:00.0,51.54877,2.93566,76079
VR2AR-546044,2052,bpns-CNB03,00:00.0,00:00.0,51.66968,2.80741,193639
VR2AR-546044,2729,PC4C-C05-4,00:00.0,00:00.0,51.669307,2.798596,52467
VR2AR-546045,1995,bpns-RTNZ03,00:00.0,00:00.0,51.54813,2.93679,73289
VR2AR-546045,2053,bpns-CNB04,00:00.0,00:00.0,51.67174,2.79819,132606
VR2AR-546045,2730,PC4C-C05-5,00:00.0,00:00.0,51.669191,2.800965,101233
VR2AR-546046,1996,bpns-RTNZ04,00:00.0,00:00.0,51.54795,2.93738,76479
VR2AR-546046,2057,bpns-CNB07,00:00.0,00:00.0,51.66726,2.80668,317313
VR2AR-546047,1997,bpns-RTNZ05,00:00.0,00:00.0,51.54766,2.93799,78099
VR2AR-546047,2058,bpns-CNB08,00:00.0,00:00.0,51.6707,2.79492,103045
VR2AR-546047,2212,bpns-CNB08,00:00.0,00:00.0,51.6707,2.79492,18652
VR2AR-546047,2731,PC4C-C05-6,00:00.0,00:00.0,51.66907215,2.803045659,119716
VR2AR-546048,1998,bpns-RTNZ06,00:00.0,00:00.0,51.54584,2.94207,50723
VR2AR-546048,2059,bpns-CNB09,00:00.0,00:00.0,51.66936,2.7976,149490
VR2AR-546048,2213,bpns-CNB09,00:00.0,00:00.0,51.66936,2.7976,149490
VR2AR-546048,2214,bpns-CNB09,00:00.0,00:00.0,51.66936,2.7976,22198
VR2AR-546048,2732,PC4C-C05-7,00:00.0,00:00.0,51.669073,2.805157,92699
VR2AR-546049,1999,bpns-RTNZ07,00:00.0,00:00.0,51.5456,2.94265,43687
VR2AR-546051,2062,bpns-CNB12,00:00.0,00:00.0,51.66854,2.79434,70460
VR2AR-546052,2063,bpns-CNB13,00:00.0,00:00.0,51.66725,2.79721,87311
VR2AR-546052,2215,bpns-CNB13,00:00.0,00:00.0,51.66725,2.79721,87311
VR2AR-546052,2216,bpns-CNB13,00:00.0,00:00.0,51.66725,2.79721,11021
VR2AR-546052,2734,PC4C-C05-9,00:00.0,00:00.0,51.670454,2.801809,95955
VR2AR-546621,2735,PC4C-C05-10,00:00.0,00:00.0,51.670484,2.803925,89000
VR2AR-546622,2736,PC4C-F05-1,00:00.0,00:00.0,51.703208,2.80724,125844
VR2AR-546891,2725,PC4C-F05-2,00:00.0,00:00.0,51.70418,2.80918,108556
VR2AR-546892,2737,PC4C-F05-3,00:00.0,00:00.0,51.703239,2.810504,124319
VR2AR-546893,2738,PC4C-F05-4,00:00.0,00:00.0,51.702026,2.810773,131257
VR2AR-546894,2739,PC4C-F05-5,00:00.0,00:00.0,51.70135,2.808863,131040
VR2AR-546895,2740,PC4C-F05-6,00:00.0,00:00.0,51.7022,2.807082,129196
VR2AR-546896,2741,PC4C-F05-7,00:00.0,00:00.0,51.702623,2.808361,129694
VR2AR-546897,2742,PC4C-F05-8,00:00.0,00:00.0,51.702645,2.810057,136007
VR2C69-450113,1927,bpns-LottoBuoy,00:00.0,00:00.0,51.5666667,2.983333,6023
VR2C69-450113,3334,bpns-LottoBuoy,00:00.0,00:00.0,51.5666667,2.983333,62834
VR2C69-450114,1376,bpns-B05BELWIND,00:00.0,00:00.0,51.671667,2.796965,14419
VR2C69-450114,1651,bpns-B05BELWIND,00:00.0,00:00.0,51.671667,2.796965,56377
VR2C69-450136,1392,bpns-LottoBuoy,00:00.0,00:00.0,51.5666667,2.983333,3184
VR2C69-450136,1690,bpns-LottoBuoy,00:00.0,00:00.0,51.5666667,2.983333,15855
VR2Tx-480061,1634,bpns-Kilmore,00:00.0,00:00.0,51.3955,2.4965,29717
VR2Tx-480061,2055,bpns-WKSabrina,00:00.0,00:00.0,51.221667,2.518683,38429
VR2Tx-480061,2162,bpns-Duc de Normandie,00:00.0,00:00.0,51.4253,2.6055,33
VR2Tx-480062,1538,bpns-WKSabrina,00:00.0,00:00.0,51.221667,2.518683,44654
VR2Tx-480063,2050,bpns-CNB14,00:00.0,00:00.0,51.66594,2.79998,180335
VR2Tx-480720,2178,VLVS7,00:00.0,00:00.0,51.35019,4.15036,338510
VR2Tx-480721,2166,VLVS2,00:00.0,00:00.0,51.34472,4.13151,342038
VR2Tx-480722,2175,VLVS14,00:00.0,00:00.0,51.36045,4.17565,340888
VR2Tx-480723,2118,bpns-BIRKENFELS,00:00.0,00:00.0,51.649333,2.533833333,8
VR2Tx-480723,2651,bpns-CPowerReefballs,00:00.0,00:00.0,51.5800044,2.9954894,66000
VR2Tx-480876,2505,S09-2,00:00.0,00:00.0,51.097162,5.11063,283000
VR2Tx-480876,2689,S09-2,00:00.0,00:00.0,51.097162,5.11063,295718
VR2Tx-480876,2690,S09-2,00:00.0,00:00.0,51.097162,5.11063,215748
VR2W-106251,1248,R01,00:00.0,00:00.0,51.552,2.923,5620
VR2W-106251,1249,R01,00:00.0,00:00.0,51.552,2.923,14704
VR2W-106251,1250,R01,00:00.0,00:00.0,51.552,2.923,212469
VR2W-106251,1549,bpns-OOSTDYCK,00:00.0,00:00.0,51.356333,2.518666667,3
VR2W-106252,1251,R02,00:00.0,00:00.0,51.55092,2.92157,57153
VR2W-106253,1253,R03,00:00.0,00:00.0,51.54947,2.92248,41120
VR2W-106253,1267,R03,00:00.0,00:00.0,51.54947,2.92248,35689
VR2W-108474,1550,bpns-S4,00:00.0,00:00.0,51.417167,3.0475,10
VR2W-108474,1686,bpns-S4,00:00.0,00:00.0,51.417167,3.0475,24
VR2W-108474,2000,bpns-S4,00:00.0,00:00.0,51.417167,3.0475,29
VR2W-110778,1252,R04,00:00.0,00:00.0,51.54957,2.92508,40242
VR2W-110778,1269,R04,00:00.0,00:00.0,51.54957,2.92508,33791
VR2W-110778,1270,R04,00:00.0,00:00.0,51.54957,2.92508,282345
VR2W-110778,1438,bpns-KB2,00:00.0,00:00.0,51.350667,2.703666667,24
VR2W-110779,1254,R05,00:00.0,00:00.0,51.55127,2.92557,39869
VR2W-110779,1272,R05,00:00.0,00:00.0,51.55127,2.92557,39487
VR2W-110779,1273,R05,00:00.0,00:00.0,51.55127,2.92557,197149
VR2W-110779,1274,bpns-VG2,00:00.0,00:00.0,51.4325,2.802,15
VR2W-110779,1553,bpns-VG2,00:00.0,00:00.0,51.4325,2.802,12
VR2W-110779,1680,bpns-VG2,00:00.0,00:00.0,51.4325,2.802,150
VR2W-110779,2007,bpns-VG2,00:00.0,00:00.0,51.4325,2.802,2
VR2W-110780,1255,R06,00:00.0,00:00.0,51.54935,2.92983,318
VR2W-110780,1275,R06,00:00.0,00:00.0,51.54935,2.92983,785
VR2W-110781,1256,R07,00:00.0,00:00.0,51.54847,2.92752,50768
VR2W-110781,1277,R07,00:00.0,00:00.0,51.54847,2.92752,146909
VR2W-110782,1257,R08,00:00.0,00:00.0,51.5469,2.92828,3874
VR2W-110782,1279,R08,00:00.0,00:00.0,51.5469,2.92828,27851
VR2W-110782,1280,R08,00:00.0,00:00.0,51.5469,2.92828,30760
VR2W-110783,1258,R09,00:00.0,00:00.0,51.54692,2.93085,2771
VR2W-110783,1282,R09,00:00.0,00:00.0,51.54692,2.93085,35890
VR2W-110783,1283,R09,00:00.0,00:00.0,51.54692,2.93085,26703
VR2W-110783,1284,R09,00:00.0,00:00.0,51.54692,2.93085,209134
VR2W-110783,1655,bpns-S4,00:00.0,00:00.0,51.417167,3.0475,1
VR2W-110783,1848,bpns-S4,00:00.0,00:00.0,51.417167,3.0475,18
VR2W-110784,1259,R10,00:00.0,00:00.0,51.54843,2.9316,1797
VR2W-110784,1262,R10,00:00.0,00:00.0,51.54843,2.9316,13009
VR2W-110784,1263,R10,00:00.0,00:00.0,51.54843,2.9316,10832
VR2W-110784,1264,R10,00:00.0,00:00.0,51.54843,2.9316,125087
VR2W-110784,1265,bpns-WK12,00:00.0,00:00.0,51.461167,3.107,1449
VR2W-110784,1555,bpns-WK12,00:00.0,00:00.0,51.461167,3.107,18548
VR2W-110784,1681,bpns-WK12,00:00.0,00:00.0,51.461167,3.107,2
VR2W-110784,1682,bpns-WK12,00:00.0,00:00.0,51.461167,3.107,54
VR2W-110784,2001,bpns-WK12,00:00.0,00:00.0,51.461167,3.107,8
VR2W-110784,2185,bpns-WK12,00:00.0,00:00.0,51.461167,3.107,26
VR2W-110869,1650,bh-6,00:00.0,00:00.0,51.2505032,3.544414,1040
VR2W-110869,2774,ak-34,00:00.0,00:00.0,51.1282853,5.1413858,101
VR2W-110869,2775,ak-34,00:00.0,00:00.0,51.1282853,5.1413858,167
VR2W-110869,2776,ak-34,00:00.0,00:00.0,51.1282853,5.1413858,292
VR2W-112285,1416,bh-31,00:00.0,00:00.0,51.2903715,3.7164467,21947
VR2W-112285,2129,HH7,00:00.0,00:00.0,51.055307,5.208966,348
VR2W-112285,2430,HH7,00:00.0,00:00.0,51.055307,5.208966,25730
VR2W-112285,2778,bh-31,00:00.0,00:00.0,51.2903715,3.7164467,64
VR2W-112285,2781,HH7,00:00.0,00:00.0,51.055307,5.208966,23374
VR2W-112286,1332,bh-10,00:00.0,00:00.0,51.2596961,3.5803334,895
VR2W-112286,1402,bh-10,00:00.0,00:00.0,51.2596961,3.5803334,162321
VR2W-112286,2029,kn-Lier,00:00.0,00:00.0,51.14993,4.58453,1260
VR2W-112286,2269,kn-Lier,00:00.0,00:00.0,51.14993,4.58453,14
VR2W-112286,2392,RingvWz,00:00.0,00:00.0,51.01406284,3.720740115,13
VR2W-112286,2393,RingvWz,00:00.0,00:00.0,51.01406284,3.720740115,118
VR2W-112286,2394,RingvWz,00:00.0,00:00.0,51.01406284,3.720740115,101
VR2W-112286,2606,kn-Lier,00:00.0,00:00.0,51.14993,4.58453,47
VR2W-112287,1482,bh-2,00:00.0,00:00.0,51.3306565,3.2236553,391
VR2W-112287,2256,s-2,30:00.0,00:00.0,51.00588,3.77876,13817
VR2W-112287,2294,s-2,00:00.0,00:00.0,51.00588,3.77876,157
VR2W-112287,2295,s-2,00:00.0,00:00.0,51.00588,3.77876,3362
VR2W-112287,2296,s-2,00:00.0,00:00.0,51.00588,3.77876,46896
VR2W-112287,2628,s-2,00:00.0,00:00.0,51.00588,3.77876,24274
VR2W-112287,2761,s-2,00:00.0,00:00.0,51.00588,3.77876,8
VR2W-112287,2763,s-2,00:00.0,00:00.0,51.00588,3.77876,1655
VR2W-112287,2764,s-2,00:00.0,00:00.0,51.00588,3.77876,2868
VR2W-112288,1386,bh-33,00:00.0,00:00.0,51.3134659,3.7321561,1091
VR2W-112288,1568,ak-22,00:00.0,00:00.0,50.9356423,5.4970086,3097
VR2W-112288,2431,ak-22,00:00.0,00:00.0,50.9356423,5.4970086,1909
VR2W-112288,2675,ak-22,00:00.0,00:00.0,50.9356423,5.4970086,828
VR2W-112288,2783,ak-22,00:00.0,00:00.0,50.9356423,5.4970086,1825
VR2W-112288,2784,ak-22,00:00.0,00:00.0,50.9356423,5.4970086,552
VR2W-112288,2785,ak-22,00:00.0,00:00.0,50.9356423,5.4970086,17308
VR2W-112288,2786,ak-22,00:00.0,00:00.0,50.9356423,5.4970086,11651
VR2W-112288,2787,ak-22,00:00.0,00:00.0,50.9356423,5.4970086,4537
VR2W-112288,2789,ak-22,00:00.0,00:00.0,50.9356423,5.4970086,3745
VR2W-112289,1358,stgAsp,00:00.0,00:00.0,51.00435542,3.805413233,65
VR2W-112289,1390,ws-25B,00:00.0,00:00.0,51.3465544,3.800172,40
VR2W-112289,2321,stgAsp,00:00.0,00:00.0,51.00435542,3.805413233,2
VR2W-112289,2322,stgAsp,00:00.0,00:00.0,51.00435542,3.805413233,1638
VR2W-112289,2323,stgAsp,00:00.0,00:00.0,51.00435542,3.805413233,876
VR2W-112289,2324,stgAsp,00:00.0,00:00.0,51.00435542,3.805413233,622
VR2W-112289,2325,stgAsp,00:00.0,00:00.0,51.00435542,3.805413233,273
VR2W-112290,1359,Tsost,00:00.0,00:00.0,50.99154287,3.723474181,165
VR2W-112290,1415,bh-30,00:00.0,00:00.0,51.2448946,3.7481689,401832
VR2W-112290,2127,bh-30,00:00.0,00:00.0,51.2448946,3.7481689,48675
VR2W-112290,2310,Tsost,00:00.0,00:00.0,50.99154287,3.723474181,2113
VR2W-112290,2311,Tsost,00:00.0,00:00.0,50.99154287,3.723474181,64
VR2W-112290,2312,Tsost,00:00.0,00:00.0,50.99154287,3.723474181,73
VR2W-112290,2313,Tsost,00:00.0,00:00.0,50.99154287,3.723474181,247
VR2W-112290,2674,ak-21,00:00.0,00:00.0,50.888339,5.57446,749
VR2W-112290,3282,Test Rotselaar,00:00.0,00:00.0,50.947345,4.702879,9
VR2W-112291,1389,ws-16,00:00.0,00:00.0,51.3544901,3.795027,62
VR2W-112291,2396,Wett,00:00.0,00:00.0,51.0134878,3.929684123,243
VR2W-112291,2397,Wett,00:00.0,00:00.0,51.0134878,3.929684123,69
VR2W-112291,2398,Wett,00:00.0,00:00.0,51.0134878,3.929684123,186
VR2W-112292,1419,bh-5,00:00.0,00:00.0,51.2503008,3.5426743,247350
VR2W-112292,2033,s-Dendermonde,00:00.0,00:00.0,51.03855,4.1175,35202
VR2W-112292,2248,s-Dendermonde,00:00.0,00:00.0,51.03855,4.1175,5101
VR2W-112292,2665,s-Dendermonde,00:00.0,00:00.0,51.03855,4.1175,1269
VR2W-112292,2791,bh-5,00:00.0,00:00.0,51.2503008,3.5426743,19282
VR2W-112293,2415,Tst,00:00.0,00:00.0,51.00435542,3.805413233,22
VR2W-112293,2416,Tst,00:00.0,00:00.0,51.00435542,3.805413233,3
VR2W-112293,2417,Tst,00:00.0,00:00.0,51.00435542,3.805413233,25
VR2W-112294,1409,bh-21,00:00.0,00:00.0,51.2701028,3.7117942,42960
VR2W-112294,2179,VLVS8,00:00.0,00:00.0,51.35151,4.15666,220
VR2W-112294,2793,bh-21,00:00.0,00:00.0,51.2701028,3.7117942,476
VR2W-112295,1500,s-8,00:00.0,00:00.0,51.14319,4.33078,6587
VR2W-112295,1641,bh-16,00:00.0,00:00.0,51.267064,3.6744238,108091
VR2W-112295,1696,s-8,00:00.0,00:00.0,51.14319,4.33078,125
VR2W-112295,1940,s-8,00:00.0,00:00.0,51.14319,4.33078,315
VR2W-112295,2239,s-8,00:00.0,00:00.0,51.14319,4.33078,982
VR2W-112295,2400,Dend,00:00.0,00:00.0,51.0346571,4.106097714,141
VR2W-112295,2401,Dend,00:00.0,00:00.0,51.0346571,4.106097714,33
VR2W-112295,2402,Dend,00:00.0,00:00.0,51.0346571,4.106097714,62
VR2W-112295,2655,s-8,00:00.0,00:00.0,51.14319,4.33078,279
VR2W-112296,1442,bh-37,00:00.0,00:00.0,51.3389165,3.7679196,32772
VR2W-112296,1954,bh-37,00:00.0,00:00.0,51.3389165,3.7679196,119
VR2W-112296,2291,bn-Walem,00:00.0,00:00.0,51.07183,4.45474,16
VR2W-112296,3040,bn-Walem,00:00.0,,51.07183,4.45474,117
VR2W-112297,1481,bh-1,00:00.0,00:00.0,51.3412021,3.2162872,7
VR2W-112297,2027,s-Wetteren,00:00.0,00:00.0,51.00164,3.85695,64
VR2W-112297,2249,s-Wetteren,00:00.0,00:00.0,51.00164,3.85695,47361
VR2W-112297,2297,RingvZ,00:00.0,00:00.0,51.00707559,3.751243194,786
VR2W-112297,2298,RingvZ,00:00.0,00:00.0,51.00707559,3.751243194,6285
VR2W-112297,2299,RingvZ,00:00.0,00:00.0,51.00707559,3.751243194,42203
VR2W-112297,2670,s-Wetteren,00:00.0,00:00.0,51.00164,3.85695,2247
VR2W-112298,1360,soAsp,00:00.0,00:00.0,50.91475257,3.672918896,6479
VR2W-112298,1648,bh-32,00:00.0,00:00.0,51.3081908,3.7241653,6506
VR2W-112298,2327,soAsp,01:00.0,00:00.0,50.91475257,3.672918896,569
VR2W-112298,2328,soAsp,00:00.0,00:00.0,50.91475257,3.672918896,499
VR2W-112298,2329,soAsp,00:00.0,00:00.0,50.91475257,3.672918896,33
VR2W-112298,2330,soAsp,00:00.0,00:00.0,50.91475257,3.672918896,33
VR2W-112298,2331,soAsp,00:00.0,00:00.0,50.91475257,3.672918896,157
VR2W-112299,1361,slAsp,00:00.0,00:00.0,50.91736686,3.665685904,10020
VR2W-112299,1393,ws-18,00:00.0,00:00.0,51.3482621,3.8147323,135
VR2W-112299,2316,slAsp,00:00.0,00:00.0,50.91736686,3.665685904,279
VR2W-112299,2317,slAsp,00:00.0,00:00.0,50.91736686,3.665685904,392
VR2W-112299,2319,slAsp,00:00.0,00:00.0,50.91736686,3.665685904,1245
VR2W-112370,1620,ws-W7,00:00.0,00:00.0,51.410173,3.454515,1112
VR2W-112370,2015,ws-W7,00:00.0,00:00.0,51.410173,3.454515,341
VR2W-112370,2197,ws-W7,00:00.0,00:00.0,51.410173,3.454515,29
VR2W-113521,1362,stgOud,00:00.0,00:00.0,50.85235821,3.622367915,125
VR2W-113521,1480,bh-33,00:00.0,00:00.0,51.3134659,3.7321561,891
VR2W-113521,1496,s-4,00:00.0,00:00.0,51.04231,4.0945,7477
VR2W-113521,1697,s-4,00:00.0,00:00.0,51.04231,4.0945,952
VR2W-113521,1942,s-4,00:00.0,00:00.0,51.04231,4.0945,35
VR2W-113521,2250,s-4,00:00.0,00:00.0,51.04231,4.0945,1594
VR2W-113521,2337,stgOud,00:00.0,00:00.0,50.85235821,3.622367915,1127
VR2W-113521,2338,stgOud,00:00.0,00:00.0,50.85235821,3.622367915,223
VR2W-113521,2339,stgOud,00:00.0,00:00.0,50.85235821,3.622367915,115
VR2W-113521,2666,s-4,00:00.0,00:00.0,51.04231,4.0945,2355
VR2W-113522,1414,bh-29,00:00.0,00:00.0,51.2396828,3.7474982,38560
VR2W-113522,1603,bh-29,00:00.0,00:00.0,51.2396828,3.7474982,2708
VR2W-113522,1698,HH8,00:00.0,00:00.0,51.076378,5.170783,89833
VR2W-113522,1699,HH8,00:00.0,00:00.0,51.076378,5.170783,187559
VR2W-113522,2354,RingvWn,00:00.0,00:00.0,51.0535098,3.671468111,158
VR2W-113523,1649,bh-34,00:00.0,00:00.0,51.3223102,3.7290976,4843
VR2W-113524,1337,me-7-2,00:00.0,00:00.0,51.082219,4.366229,501
VR2W-113524,1411,bh-24,00:00.0,00:00.0,51.2719206,3.7319803,879
VR2W-113524,2270,me-7-2,00:00.0,00:00.0,51.082219,4.366229,22
VR2W-113524,2346,saTBZwa,00:00.0,00:00.0,50.88887981,3.677766148,5
VR2W-113524,2348,saTBZwa,00:00.0,00:00.0,50.88887981,3.677766148,3
VR2W-113524,2608,me-7-2,00:00.0,00:00.0,51.082219,4.366229,405
VR2W-113525,1639,bh-12,00:00.0,00:00.0,51.2655417,3.6551322,2651
VR2W-113525,2308,RingvN,00:00.0,00:00.0,51.10424598,3.711571312,30
VR2W-113525,2433,ak-38,00:00.0,00:00.0,51.168795,4.835036,1
VR2W-113526,1406,bh-17,00:00.0,00:00.0,51.2677225,3.6813137,15891
VR2W-113526,1493,s-1,00:00.0,00:00.0,51.02811,3.78691,3357
VR2W-113526,2009,s-1,00:00.0,00:00.0,51.023468,3.78826,69
VR2W-113526,2271,s-1,00:00.0,00:00.0,51.023468,3.78826,681
VR2W-113526,2609,s-1,00:00.0,00:00.0,51.023468,3.78826,197
VR2W-113527,1387,ws-12A,00:00.0,00:00.0,51.3648799,3.765539,30
VR2W-113527,2341,soOud,00:00.0,00:00.0,50.84843846,3.616681093,51
VR2W-113527,2342,soOud,00:00.0,00:00.0,50.84843846,3.616681093,455
VR2W-113527,2343,soOud,00:00.0,00:00.0,50.84843846,3.616681093,80
VR2W-113527,2344,soOud,00:00.0,00:00.0,50.84843846,3.616681093,8
VR2W-113528,1421,bh-7,00:00.0,00:00.0,51.254878,3.5621802,27514
VR2W-113528,1501,s-9,00:00.0,00:00.0,51.19069,4.32954,1733
VR2W-113528,1702,s-9,00:00.0,00:00.0,51.19069,4.32954,371
VR2W-113528,1943,s-9,00:00.0,00:00.0,51.19069,4.32954,231
VR2W-113528,2240,s-9,00:00.0,00:00.0,51.19069,4.32954,2387
VR2W-113528,2301,T0,00:00.0,00:00.0,51.00515148,3.746079172,22
VR2W-113528,2302,T0,00:00.0,00:00.0,51.00515148,3.746079172,52
VR2W-113528,2654,s-9,00:00.0,00:00.0,51.19069,4.32954,105
VR2W-113528,2795,bh-7,00:00.0,00:00.0,51.254878,3.5621802,70
VR2W-113529,1338,bh-6,00:00.0,00:00.0,51.2505032,3.544414,13118
VR2W-113529,1365,sIOud,00:00.0,00:00.0,50.85112213,3.61988108,7
VR2W-113529,1420,bh-6,00:00.0,00:00.0,51.2505032,3.544414,505434
VR2W-113529,2333,sIOud,00:00.0,00:00.0,50.85112213,3.61988108,16
VR2W-113529,2334,sIOud,00:00.0,00:00.0,50.85112213,3.61988108,12
VR2W-113529,2487,zandvlietsluis haven B,00:00.0,00:00.0,51.34458,4.30243,1138
VR2W-113529,2693,zandvlietsluis haven B,00:00.0,00:00.0,51.34458,4.30243,1168
VR2W-113529,2797,bh-6,00:00.0,00:00.0,51.2505032,3.544414,18050
VR2W-113529,3254,Test Rotselaar,00:00.0,00:00.0,50.947345,4.702879,57
VR2W-114258,1635,bpns-WZ,00:00.0,00:00.0,51.376167,3.178666667,236
VR2W-114258,2002,bpns-WZ,00:00.0,00:00.0,51.3762,3.1787,128
VR2W-114258,2546,bpns-WZ,00:00.0,00:00.0,51.376167,3.178666667,29
VR2W-114312,1554,bpns-W1,00:00.0,00:00.0,51.391333,3.303666667,32
VR2W-114312,1704,bpns-W1,00:00.0,00:00.0,51.391333,3.303666667,234
VR2W-114312,2016,bpns-W1,00:00.0,00:00.0,51.391333,3.303666667,52
VR2W-114312,2547,bpns-W1,00:00.0,00:00.0,51.391333,3.303666667,10
VR2W-115428,1631,bpns-OH6,00:00.0,00:00.0,51.239667,2.9215,9
VR2W-115428,1644,bh-23,00:00.0,00:00.0,51.2672795,3.7173234,612
VR2W-115428,1707,bpns-OH6,00:00.0,00:00.0,51.239667,2.9215,134
VR2W-115428,1841,bpns-OH6,00:00.0,00:00.0,51.239667,2.9215,368
VR2W-115429,1410,bh-22,00:00.0,00:00.0,51.2684107,3.718915,5701
VR2W-115429,2030,bn-Lier,00:00.0,00:00.0,51.11731,4.54958,401
VR2W-115429,2272,bn-Lier,00:00.0,00:00.0,51.11731,4.54958,14
VR2W-115429,2610,bn-Lier,00:00.0,00:00.0,51.11731,4.54958,33
VR2W-115429,2799,bh-22,00:00.0,00:00.0,51.2684107,3.718915,395
VR2W-115429,2800,bh-22,00:00.0,00:00.0,51.2684107,3.718915,600
VR2W-115430,1367,ngAspsa,00:00.0,00:00.0,50.91854362,3.666244163,14
VR2W-115430,1407,bh-18,00:00.0,00:00.0,51.2666113,3.6865616,6
VR2W-115430,1497,s-5,00:00.0,00:00.0,51.09258,4.17083,1328
VR2W-115430,1709,s-5,00:00.0,00:00.0,51.09258,4.17083,518
VR2W-115430,1944,s-5,00:00.0,00:00.0,51.09258,4.17083,777
VR2W-115430,2243,s-5,00:00.0,00:00.0,51.09258,4.17083,2369
VR2W-115430,2380,ngAspsa,00:00.0,00:00.0,50.91854362,3.666244163,77
VR2W-115430,2381,ngAspsa,00:00.0,00:00.0,50.91854362,3.666244163,8
VR2W-115430,2659,s-5,00:00.0,00:00.0,51.09258,4.17083,221
VR2W-115431,1368,ngAspso,00:00.0,00:00.0,50.91728709,3.669597115,12
VR2W-115431,2181,VLVS10,00:00.0,00:00.0,51.34117,4.16606,1430
VR2W-115431,2412,ngAspso,00:00.0,00:00.0,50.91728709,3.669597115,5
VR2W-115432,1388,ws-14,00:00.0,00:00.0,51.3601518,3.7798113,20
VR2W-115432,2408,soMrbk,00:00.0,00:00.0,50.8321884,3.587871973,209
VR2W-115432,2409,soMrbk,00:00.0,00:00.0,50.8321884,3.587871973,149
VR2W-115432,2410,soMrbk,00:00.0,00:00.0,50.8321884,3.587871973,80
VR2W-115433,1369,ngAspm,00:00.0,00:00.0,50.91786334,3.668031789,27
VR2W-115433,2383,ngAspm,00:00.0,00:00.0,50.91786334,3.668031789,9
VR2W-115434,1370,ngOudm,00:00.0,00:00.0,50.8500077,3.620647993,7
VR2W-115434,1525,ws-23,00:00.0,00:00.0,51.3552573,3.7609896,192
VR2W-115434,1956,ws-23,00:00.0,00:00.0,51.3552573,3.7609896,228
VR2W-115434,1957,ws-23,00:00.0,00:00.0,51.3552573,3.7609896,5
VR2W-115434,2037,ws-23,00:00.0,00:00.0,51.3552573,3.7609896,263
VR2W-115434,2134,ws-23,00:00.0,00:00.0,51.3552573,3.7609896,6
VR2W-115434,2135,ws-23,00:00.0,00:00.0,51.3552573,3.7609896,29
VR2W-115434,2217,ws-23,00:00.0,00:00.0,51.3552573,3.7609896,30
VR2W-115434,2363,ngOudm,00:00.0,00:00.0,50.8500077,3.620647993,7
VR2W-115435,1341,bh-26,00:00.0,00:00.0,51.2561385,3.7845731,1628
VR2W-115435,1412,bh-26,00:00.0,00:00.0,51.2561385,3.7845731,5551
VR2W-115435,2273,du-Hamveer,00:00.0,00:00.0,51.10507,4.14106,1
VR2W-115435,2369,ngOudso,00:00.0,00:00.0,50.84941689,3.619847034,5
VR2W-115435,2371,ngOudso,00:00.0,00:00.0,50.84941689,3.619847034,1
VR2W-115436,1371,ngOudsa,00:00.0,00:00.0,50.85077422,3.621406632,11
VR2W-115436,1544,ak-36,00:00.0,00:00.0,51.159335,4.85635,2615
VR2W-115436,1646,bh-28,00:00.0,00:00.0,51.2453761,3.7607615,7
VR2W-115436,2359,ngOudsa,00:00.0,00:00.0,50.85077422,3.621406632,14
VR2W-115436,2360,ngOudsa,00:00.0,00:00.0,50.85077422,3.621406632,40
VR2W-115436,2434,ak-36,00:00.0,00:00.0,51.159335,4.85635,50226
VR2W-115436,2694,ak-36,00:00.0,00:00.0,51.159335,4.85635,82222
VR2W-115436,2802,ak-36,00:00.0,00:00.0,51.159335,4.85635,154
VR2W-115436,2803,ak-36,00:00.0,00:00.0,51.159335,4.85635,84
VR2W-115436,2804,ak-36,00:00.0,00:00.0,51.159335,4.85635,61730
VR2W-115437,1408,bh-20,00:00.0,00:00.0,51.269978,3.7030611,186476
VR2W-115438,1343,,,00:00.0,,,44
VR2W-115438,1423,bh-9,00:00.0,00:00.0,51.2591163,3.5789817,5408
VR2W-115438,2026,s-Wichelen,00:00.0,00:00.0,51.0168,3.92527,18
VR2W-115438,2251,s-Wichelen,00:00.0,00:00.0,51.0168,3.92527,5635
VR2W-115438,2669,s-Wichelen,00:00.0,00:00.0,51.0168,3.92527,9325
VR2W-115438,2806,bh-9,00:00.0,00:00.0,51.2591163,3.5789817,3729
VR2W-115439,1405,bh-14,00:00.0,30:00.0,51.2608054,3.669741,137
VR2W-115439,1594,bh-14,30:00.0,00:00.0,51.2608054,3.669741,14
VR2W-115439,1712,HH1,00:00.0,00:00.0,50.941845,5.334551,142
VR2W-115439,1713,HH1,00:00.0,00:00.0,50.941845,5.334551,68
VR2W-115439,2435,HH1,00:00.0,00:00.0,50.941845,5.334551,10999
VR2W-115439,2695,HH1,00:00.0,00:00.0,50.941845,5.334551,11061
VR2W-115440,1404,bh-13,00:00.0,00:00.0,51.2664563,3.6608905,104194
VR2W-115440,2177,VLVS6,00:00.0,00:00.0,51.36099,4.14259,2
VR2W-115440,2194,VLVS6,00:00.0,00:00.0,51.36099,4.14259,60
VR2W-115440,2809,bh-13,00:00.0,00:00.0,51.2664563,3.6608905,52941
VR2W-115441,1498,s-6,00:00.0,00:00.0,51.12287,4.2184,6452
VR2W-115441,1640,bh-15,00:00.0,00:00.0,51.2602787,3.6691424,3228
VR2W-115441,1714,s-6,00:00.0,00:00.0,51.12287,4.2184,3010
VR2W-115441,1945,s-6,00:00.0,00:00.0,51.12287,4.2184,249
VR2W-115441,2244,s-6,00:00.0,00:00.0,51.12287,4.2184,1103
VR2W-115441,2658,s-6,00:00.0,00:00.0,51.12287,4.2184,5922
VR2W-115442,1499,s-7,00:00.0,00:00.0,51.11414,4.24123,2492
VR2W-115442,1645,bh-25,00:00.0,00:00.0,51.268928,3.7506924,44
VR2W-115442,1715,s-7,00:00.0,00:00.0,51.11414,4.24123,5383
VR2W-115442,1946,s-7,00:00.0,00:00.0,51.11414,4.24123,2641
VR2W-115442,2245,s-7,00:00.0,00:00.0,51.11414,4.24123,2925
VR2W-115442,2657,s-7,00:00.0,00:00.0,51.11414,4.24123,386
VR2W-115443,1413,bh-27,00:00.0,00:00.0,51.2574609,3.7637309,34
VR2W-115443,1716,HH6,00:00.0,00:00.0,51.041797,5.21874,14922
VR2W-115443,1717,HH6,00:00.0,00:00.0,51.041797,5.21874,756
VR2W-115443,2436,HH6,00:00.0,00:00.0,51.041797,5.21874,18100
VR2W-115443,2696,HH6,00:00.0,00:00.0,51.041797,5.21874,18261
VR2W-115444,1345,,,00:00.0,,,1
VR2W-115444,1422,bh-8,00:00.0,00:00.0,51.265006,3.5547265,1824
VR2W-115444,2034,s-Vlassenbroek,00:00.0,00:00.0,51.03955,4.16605,63
VR2W-115444,2252,s-Vlassenbroek,00:00.0,00:00.0,51.03955,4.16605,685
VR2W-115444,2373,SOmZwa,00:00.0,00:00.0,50.88675142,3.662822026,202
VR2W-115444,2374,SOmZwa,00:00.0,00:00.0,50.88675142,3.662822026,22
VR2W-115444,2375,SOmZwa,00:00.0,00:00.0,50.88675142,3.662822026,7
VR2W-115444,2376,SOmZwa,00:00.0,00:00.0,50.88675142,3.662822026,616
VR2W-115444,2377,SOmZwa,00:00.0,00:00.0,50.88675142,3.662822026,2467
VR2W-115444,2378,SOmZwa,00:00.0,00:00.0,50.88675142,3.662822026,156
VR2W-115444,2664,s-Vlassenbroek,00:00.0,00:00.0,51.03955,4.16605,123
VR2W-115445,1327,bh-36,00:00.0,00:00.0,51.3346375,3.7682595,158
VR2W-115445,1418,bh-36,00:00.0,00:00.0,51.3346375,3.7682595,51591
VR2W-115445,2406,Zult,00:00.0,00:00.0,50.92269133,3.431390431,19
VR2W-115445,2811,bh-36,00:00.0,00:00.0,51.3346375,3.7682595,51535
VR2W-115446,1403,bh-11,00:00.0,00:00.0,51.2627862,3.616269,5611
VR2W-115447,1417,bh-35,00:00.0,00:00.0,51.3290957,3.7541909,5838
VR2W-115447,1503,ws-18,00:00.0,00:00.0,51.3482621,3.8147323,68
VR2W-115447,1720,ws-18,00:00.0,00:00.0,51.3482621,3.8147323,41
VR2W-115447,1973,ws-18,00:00.0,00:00.0,51.3482621,3.8147323,57
VR2W-115447,2218,ws-18,00:00.0,00:00.0,51.3482621,3.8147323,12
VR2W-119047,1445,ma-8,00:00.0,00:00.0,51.636119,5.992666,20
VR2W-119047,1721,ma-8,00:00.0,00:00.0,51.636119,5.992666,24
VR2W-119047,2813,ma-8,00:00.0,00:00.0,51.636119,5.992666,2
VR2W-119048,1443,ma-6,00:00.0,00:00.0,51.637577,5.996046,5
VR2W-119048,1722,ma-6,00:00.0,00:00.0,51.637577,5.996046,3
VR2W-119048,2815,ma-6,00:00.0,00:00.0,51.637577,5.996046,4
VR2W-119049,1446,ma-9,00:00.0,00:00.0,51.637191,5.993428,8
VR2W-119049,1723,ma-9,00:00.0,00:00.0,51.637191,5.993428,4
VR2W-119049,2817,ma-9,00:00.0,00:00.0,51.637191,5.993428,1
VR2W-119052,1444,ma-7,00:00.0,00:00.0,51.637311,5.993471,10
VR2W-119052,2819,ma-7,00:00.0,00:00.0,51.637311,5.993471,17
VR2W-119056,1457,ma-5,00:00.0,00:00.0,50.882698,5.706716,629
VR2W-119056,1725,ma-5,00:00.0,00:00.0,50.882698,5.706716,111
VR2W-119057,1453,ma-1,00:00.0,00:00.0,50.863936,5.699716,139
VR2W-119057,1726,ma-1,00:00.0,00:00.0,50.863936,5.699716,81
VR2W-119057,2822,ma-1,00:00.0,00:00.0,50.863936,5.699716,8
VR2W-120092,1456,ma-4,00:00.0,00:00.0,50.878418,5.677845,32116
VR2W-120092,1727,ma-4,00:00.0,00:00.0,50.878418,5.677845,41
VR2W-120095,1454,ma-2,00:00.0,00:00.0,50.865472,5.697744,326
VR2W-120095,1729,ma-2,00:00.0,00:00.0,50.865472,5.697744,292000
VR2W-120095,2824,ma-2,00:00.0,00:00.0,50.865472,5.697744,3
VR2W-120873,1536,ws-PVTSS,00:00.0,00:00.0,51.4018055,3.7089134,12652
VR2W-120873,1857,ws-PVTSS,00:00.0,00:00.0,51.4018055,3.7089134,142
VR2W-120873,1858,ws-PVTSS,00:00.0,00:00.0,51.4018055,3.7089134,623
VR2W-120873,1859,ws-PVTSS,00:00.0,00:00.0,51.4018055,3.7089134,197
VR2W-120873,1860,ws-PVTSS,00:00.0,00:00.0,51.4018055,3.7089134,73
VR2W-120873,2038,ws-PVTSS,00:00.0,00:00.0,51.4018055,3.7089134,92
VR2W-120873,2219,ws-PVTSS,00:00.0,00:00.0,51.4018055,3.7089134,14
VR2W-120874,1520,ws-11,00:00.0,00:00.0,51.4116308,3.7074635,5674
VR2W-120874,1842,ws-11,00:00.0,00:00.0,51.41163,3.70746,151
VR2W-120874,1958,ws-11,00:00.0,00:00.0,51.4116,3.7075,155
VR2W-120874,1959,ws-11,00:00.0,00:00.0,51.4116,3.7075,31
VR2W-120874,2039,ws-11,00:00.0,00:00.0,51.41163,3.7075,190
VR2W-120874,2137,ws-11,00:00.0,00:00.0,51.4116308,3.7074635,66
VR2W-120874,2220,ws-11,00:00.0,00:00.0,51.41163,3.70746,100
VR2W-120875,1664,ws-2C,00:00.0,00:00.0,51.4169613,3.7188079,54
VR2W-120876,1522,ws-13,00:00.0,00:00.0,51.4071859,3.7080883,35111
VR2W-120876,1990,ws-13,00:00.0,00:00.0,51.4071859,3.7080883,192
VR2W-120876,1991,ws-13,00:00.0,00:00.0,51.4071859,3.7080883,245
VR2W-120876,2141,ws-13,00:00.0,00:00.0,51.4071859,3.7080883,171
VR2W-120876,2221,ws-13,00:00.0,00:00.0,51.4071859,3.7080883,34
VR2W-120877,1526,ws-25,00:00.0,00:00.0,51.351926,3.773559,398
VR2W-120877,1861,ws-25,00:00.0,00:00.0,51.351926,3.773559,8
VR2W-120877,1863,ws-25,00:00.0,00:00.0,51.351926,3.773559,276
VR2W-120877,1864,ws-25,00:00.0,00:00.0,51.351926,3.773559,68
VR2W-120877,2040,ws-25,00:00.0,00:00.0,51.351926,3.773559,544
VR2W-120877,2222,ws-25,00:00.0,00:00.0,51.351926,3.773559,24
VR2W-120878,1523,ws-15,00:00.0,00:00.0,51.386465,3.7080085,891
VR2W-120878,1865,ws-15,00:00.0,00:00.0,51.386465,3.7080085,639
VR2W-120878,1866,ws-15,00:00.0,00:00.0,51.386465,3.7080085,3400
VR2W-120878,1867,ws-15,00:00.0,00:00.0,51.386465,3.7080085,346
VR2W-120878,2041,ws-15,00:00.0,00:00.0,51.386465,3.7080085,151
VR2W-120878,2223,ws-15,00:00.0,00:00.0,51.386465,3.7080085,23
VR2W-120879,1667,ws-K,00:00.0,00:00.0,51.3508203,3.7866595,72
VR2W-120880,1665,ws-A1,00:00.0,00:00.0,51.3724995,3.7229828,99
VR2W-120881,1530,ws-A3,00:00.0,00:00.0,51.3655375,3.734487,110
VR2W-120881,1666,ws-A3,00:00.0,00:00.0,51.3655375,3.734487,119
VR2W-120881,1930,ws-A3,00:00.0,00:00.0,51.3655375,3.734487,104
VR2W-120881,1931,ws-A3,00:00.0,00:00.0,51.3655375,3.734487,12
VR2W-120881,1976,ws-A3,00:00.0,00:00.0,51.3655375,3.734487,3
VR2W-120881,2142,ws-A3,00:00.0,00:00.0,51.3655375,3.734487,213
VR2W-120882,1528,ws-4,00:00.0,00:00.0,51.3970414,3.7153436,1162
VR2W-120882,1869,ws-4,00:00.0,00:00.0,51.3970414,3.7153436,170
VR2W-120882,1870,ws-4,00:00.0,00:00.0,51.3970414,3.7153436,587
VR2W-120882,1871,ws-4,00:00.0,00:00.0,51.3970414,3.7153436,260
VR2W-120882,1872,ws-4,00:00.0,00:00.0,51.3970414,3.7153436,625
VR2W-120882,1984,ws-4,00:00.0,00:00.0,51.3970414,3.7153436,92
VR2W-120882,2224,ws-4,00:00.0,00:00.0,51.3970414,3.7153436,16
VR2W-120883,1529,ws-6,00:00.0,00:00.0,51.3913098,3.7161726,607
VR2W-120883,1873,ws-6,00:00.0,00:00.0,51.3913098,3.7161726,39
VR2W-120883,1874,ws-6,00:00.0,00:00.0,51.3913098,3.7161726,302
VR2W-120883,1875,ws-6,00:00.0,00:00.0,51.3913098,3.7161726,720
VR2W-120883,1876,ws-6,00:00.0,00:00.0,51.3913098,3.7161726,66
VR2W-120883,1977,ws-6,00:00.0,00:00.0,51.3913098,3.7161726,130
VR2W-120883,2225,ws-6,00:00.0,00:00.0,51.3913098,3.7161726,18
VR2W-120884,1531,ws-A5,00:00.0,00:00.0,51.3584544,3.7454284,451
VR2W-120884,1877,ws-A5,00:00.0,00:00.0,51.3584544,3.7454284,4
VR2W-120884,1878,ws-A5,00:00.0,00:00.0,51.3584544,3.7454284,62
VR2W-120884,1879,ws-A5,00:00.0,00:00.0,51.3584544,3.7454284,106
VR2W-120884,1880,ws-A5,00:00.0,00:00.0,51.3584544,3.7454284,28
VR2W-120884,1978,ws-A5,00:00.0,00:00.0,51.3584544,3.7454284,3
VR2W-120884,2043,ws-A5,00:00.0,00:00.0,51.3584544,3.7454284,212
VR2W-120884,2226,ws-A5,00:00.0,00:00.0,51.3584544,3.7454284,18
VR2W-120885,1534,ws-PPC,00:00.0,00:00.0,51.353339,3.7522275,244
VR2W-120885,1535,ws-PPC,00:00.0,00:00.0,51.353339,3.7522275,44
VR2W-120885,1730,ws-PPC,00:00.0,00:00.0,51.353339,3.7522275,270
VR2W-120885,1979,ws-PPC,00:00.0,00:00.0,51.353339,3.7522275,26
VR2W-120886,1524,ws-15A,00:00.0,00:00.0,51.3805457,3.717259,519
VR2W-120886,1881,ws-15A,00:00.0,00:00.0,51.3805457,3.717259,92
VR2W-120886,1882,ws-15A,00:00.0,00:00.0,51.3805457,3.717259,225
VR2W-120886,1883,ws-15A,00:00.0,00:00.0,51.3805457,3.717259,841
VR2W-120886,1884,ws-15A,00:00.0,00:00.0,51.3805457,3.717259,102
VR2W-120886,2044,ws-15A,00:00.0,00:00.0,51.3805457,3.717259,192
VR2W-120886,2228,ws-15A,00:00.0,00:00.0,51.3805457,3.717259,21
VR2W-120887,1532,ws-PPB,00:00.0,00:00.0,51.3536136,3.7376409,73
VR2W-120887,1533,ws-PPB,00:00.0,00:00.0,51.3536136,3.7376409,20
VR2W-120887,1732,ws-PPB,00:00.0,00:00.0,51.3536136,3.7376409,132
VR2W-120887,1733,ws-PPB,00:00.0,00:00.0,51.3536136,3.7376409,3
VR2W-120887,1981,ws-PPB,00:00.0,00:00.0,51.3536136,3.7376409,73
VR2W-120887,2229,ws-PPC,00:00.0,00:00.0,51.3536136,3.7376409,15
VR2W-122155,1579,ak-9,00:00.0,00:00.0,50.650369,5.611382,5778
VR2W-122155,2826,ak-9,00:00.0,00:00.0,50.650369,5.611382,26351
VR2W-122155,2827,ak-9,00:00.0,00:00.0,50.650369,5.611382,18887
VR2W-122155,2828,ak-9,00:00.0,00:00.0,50.650369,5.611382,21807
VR2W-122155,2829,ak-9,00:00.0,00:00.0,50.650369,5.611382,11151
VR2W-122155,2830,ak-9,00:00.0,00:00.0,50.650369,5.611382,41
VR2W-122155,2831,ak-9,00:00.0,00:00.0,50.650369,5.611382,44
VR2W-122155,2832,ak-9,00:00.0,00:00.0,50.650369,5.611382,1386
VR2W-122155,2833,ak-9,00:00.0,00:00.0,50.650369,5.611382,52
VR2W-122155,3295,ak-9,00:00.0,00:00.0,50.650369,5.611382,46831
VR2W-122156,2835,ak-12,00:00.0,00:00.0,50.657856,5.644622,114
VR2W-122156,2836,ak-12,00:00.0,00:00.0,50.657856,5.644622,1703
VR2W-122157,3290,ak-14,00:00.0,00:00.0,50.714109,5.672638,59
VR2W-122319,1377,ak-31,30:00.0,00:00.0,51.097875,5.108846,3
VR2W-122319,1463,ak-31,00:00.0,00:00.0,51.097875,5.108846,21330
VR2W-122319,2148,ak-31,00:00.0,00:00.0,51.097875,5.108846,141260
VR2W-122319,2501,ak-31,00:00.0,00:00.0,51.097875,5.108846,18709
VR2W-122319,2697,ak-31,00:00.0,00:00.0,51.097875,5.108846,9
VR2W-122319,2839,ak-31,00:00.0,00:00.0,51.097875,5.108846,14120
VR2W-122320,1378,de-7,00:00.0,00:00.0,50.9916225,5.0542423,13654
VR2W-122320,1593,de-7,00:00.0,00:00.0,50.9909004,5.0310774,313
VR2W-122320,1734,de-7,00:00.0,00:00.0,50.9909004,5.0310774,601
VR2W-122320,1735,de-7,00:00.0,00:00.0,50.9909004,5.0310774,3220
VR2W-122320,1736,M-6,00:00.0,00:00.0,51.05546566,4.442865645,4462
VR2W-122320,1737,M-6,00:00.0,00:00.0,51.05546566,4.442865645,641
VR2W-122320,1738,M-6,00:00.0,00:00.0,51.05546566,4.442865645,6762
VR2W-122320,1739,M-6,00:00.0,00:00.0,51.05546566,4.442865645,1657
VR2W-122320,1740,M-6,00:00.0,00:00.0,51.05546566,4.442865645,2916
VR2W-122321,1464,ak-32,00:00.0,00:00.0,51.098211,5.108959,9
VR2W-122321,1936,ak-32,00:00.0,00:00.0,51.098211,5.108959,13217
VR2W-122321,1937,ak-32,00:00.0,00:00.0,51.098211,5.108959,196032
VR2W-122321,2502,ak-32,00:00.0,00:00.0,51.098211,5.108959,59170
VR2W-122321,2698,ak-32,00:00.0,00:00.0,51.098211,5.108959,10740
VR2W-122321,2841,ak-32,00:00.0,00:00.0,51.098211,5.108959,1753
VR2W-122322,1379,s-2a,00:00.0,00:00.0,51.02032,3.96965,1880
VR2W-122322,1741,s-2a,00:00.0,00:00.0,51.02032,3.96965,297955
VR2W-122322,1947,s-2a,00:00.0,00:00.0,51.02032,3.96965,248421
VR2W-122322,2117,s-2a,00:00.0,00:00.0,51.02032,3.96965,115574
VR2W-122322,2253,s-2a,00:00.0,00:00.0,51.02032,3.96965,144321
VR2W-122322,2668,s-2a,00:00.0,00:00.0,51.02032,3.96965,32083
VR2W-122323,1662,de-4,00:00.0,00:00.0,51.0089239,4.9623949,10159
VR2W-122324,1380,ma-3,00:00.0,00:00.0,50.959753,5.742085,118
VR2W-122324,2192,ma-3,00:00.0,00:00.0,50.959753,5.742085,16
VR2W-122324,3350,ma-3,00:00.0,00:00.0,50.955965,5.736611,1
VR2W-122325,1478,de-2,00:00.0,00:00.0,50.9942609,4.8938203,37
VR2W-122325,1495,s-3,00:00.0,00:00.0,51.0434,4.04783,47141
VR2W-122325,1742,s-3,00:00.0,00:00.0,51.0434,4.04783,31270
VR2W-122325,1948,s-3,00:00.0,00:00.0,51.0434,4.04783,47
VR2W-122325,2254,s-3,00:00.0,00:00.0,51.0434,4.04783,5718
VR2W-122325,2667,s-3,00:00.0,00:00.0,51.0434,4.04783,13870
VR2W-122326,1401,ak-28,00:00.0,00:00.0,51.096684,5.108784,116191
VR2W-122326,1744,ak-28,00:00.0,00:00.0,51.096684,5.108784,121898
VR2W-122326,2437,ak-28,00:00.0,00:00.0,51.096684,5.108784,60807
VR2W-122326,2845,ak-28,00:00.0,00:00.0,51.096684,5.108784,14
VR2W-122326,2846,ak-28,00:00.0,00:00.0,51.096684,5.108784,105
VR2W-122327,1565,ak-2,00:00.0,00:00.0,50.618026,5.591871,155
VR2W-122327,2848,ak-2,00:00.0,00:00.0,50.618026,5.591871,21
VR2W-122328,1574,ak-3,00:00.0,00:00.0,50.62285,5.580676,173
VR2W-122328,2850,ak-3,00:00.0,00:00.0,50.62285,5.580676,49
VR2W-122328,3298,ak-3,00:00.0,00:00.0,50.62285,5.580676,1041
VR2W-122329,1527,ws-2C,00:00.0,00:00.0,51.4169613,3.7188079,37
VR2W-122329,1885,ws-2C,00:00.0,00:00.0,51.4169613,3.7188079,19
VR2W-122329,1886,ws-2C,00:00.0,00:00.0,51.4169613,3.7188079,541
VR2W-122329,1888,ws-2C,00:00.0,00:00.0,51.4169613,3.7188079,47
VR2W-122329,1982,ws-2C,00:00.0,00:00.0,51.4169613,3.7188079,245
VR2W-122329,2230,ws-2C,00:00.0,00:00.0,51.4169613,3.7188079,134
VR2W-122330,1427,de-8,00:00.0,00:00.0,50.991246,5.0403814,27536
VR2W-122330,1573,de-8,00:00.0,00:00.0,50.991246,5.0403814,8
VR2W-122330,1745,de-8,00:00.0,00:00.0,50.991246,5.0403814,1
VR2W-122330,1746,ak-27,00:00.0,00:00.0,50.9406792,5.3643243,17
VR2W-122330,1747,ak-27,00:00.0,00:00.0,50.9406792,5.3643243,414
VR2W-122330,2438,ak-27,00:00.0,00:00.0,50.9406792,5.3643243,5422
VR2W-122330,2677,ak-27,00:00.0,00:00.0,50.9406792,5.3643243,221
VR2W-122330,2852,ak-27,00:00.0,00:00.0,50.9406792,5.3643243,102
VR2W-122331,1385,ak-30,00:00.0,00:00.0,50.097208,5.109596,53
VR2W-122331,1462,ak-30,00:00.0,00:00.0,51.097208,5.109596,3
VR2W-122331,1933,ak-30,00:00.0,00:00.0,51.097208,5.109596,21698
VR2W-122331,1934,ak-30,00:00.0,00:00.0,51.097208,5.109596,65758
VR2W-122331,2854,ak-30,00:00.0,00:00.0,51.097208,5.109596,3581
VR2W-122332,1558,ak-1,00:00.0,00:00.0,50.614739,5.579158,315
VR2W-122332,3300,ak-1,00:00.0,00:00.0,50.614739,5.579158,571
VR2W-122333,1474,ak-24,00:00.0,00:00.0,50.9380396,5.4373164,1168
VR2W-122333,1595,HH10,00:00.0,00:00.0,51.154979,5.147086,71805
VR2W-122333,1748,HH10,00:00.0,00:00.0,51.154979,5.147086,773478
VR2W-122333,2439,HH10,00:00.0,00:00.0,51.154979,5.147086,64060
VR2W-122333,2699,HH10,00:00.0,00:00.0,51.154979,5.147086,24
VR2W-122333,2856,ak-24,00:00.0,00:00.0,50.9380396,5.4373164,10989
VR2W-122333,2857,ak-24,00:00.0,00:00.0,50.9380396,5.4373164,11383
VR2W-122333,2858,ak-24,00:00.0,00:00.0,50.9380396,5.4373164,33304
VR2W-122334,1572,ak-26,00:00.0,00:00.0,50.9406125,5.3743823,70
VR2W-122334,2458,ak-26,00:00.0,00:00.0,50.9406125,5.3743823,15326
VR2W-122334,2459,ak-26,00:00.0,00:00.0,50.9406125,5.3743823,415
VR2W-122334,2678,ak-26,00:00.0,00:00.0,50.9406125,5.3743823,123
VR2W-122334,2860,ak-26,00:00.0,00:00.0,50.9406125,5.3743823,70
VR2W-122334,2861,ak-26,00:00.0,00:00.0,50.9406125,5.3743823,17550
VR2W-122334,2862,ak-26,00:00.0,00:00.0,50.9406125,5.3743823,39901
VR2W-122334,2863,ak-26,00:00.0,00:00.0,50.9406125,5.3743823,68740
VR2W-122334,2864,ak-26,00:00.0,00:00.0,50.9406125,5.3743823,40509
VR2W-122334,2865,ak-26,00:00.0,00:00.0,50.9406125,5.3743823,10090
VR2W-122334,2866,ak-26,00:00.0,00:00.0,50.9406125,5.3743823,5120
VR2W-122335,1434,de-16,00:00.0,00:00.0,50.9901667,5.0616675,622
VR2W-122336,1473,ak-x,00:00.0,00:00.0,51.097476,5.109196,6545
VR2W-122336,2258,s-4c,00:00.0,00:00.0,51.07363,4.19007,1907
VR2W-122336,2660,s-4c,00:00.0,00:00.0,51.07363,4.19007,2043
VR2W-122336,3280,ak-x,00:00.0,00:00.0,51.097476,5.109196,62
VR2W-122337,1425,de-5,00:00.0,00:00.0,51.0026609,4.9914479,1743
VR2W-122337,1494,s-2,00:00.0,00:00.0,51.00588,3.77876,17400
VR2W-122338,1466,ws-K,00:00.0,00:00.0,51.3508203,3.7866595,7
VR2W-122338,1624,ws-25A,00:00.0,00:00.0,51.352186,3.781008,1
VR2W-122338,1749,ws-25A,00:00.0,00:00.0,51.352186,3.781008,48
VR2W-122339,1381,s-4c,00:00.0,00:00.0,51.07363,4.19007,27
VR2W-122339,1471,s-4c,00:00.0,00:00.0,51.07363,4.19007,8609
VR2W-122339,1751,s-4c,00:00.0,00:00.0,51.07363,4.19007,6912
VR2W-122339,2869,s-4c,00:00.0,00:00.0,51.07363,4.19007,22
VR2W-122340,1569,ak-23,00:00.0,00:00.0,50.9357743,5.487716,823
VR2W-122340,2456,ak-23,00:00.0,00:00.0,50.9357743,5.487716,228
VR2W-122340,2457,ak-23,00:00.0,00:00.0,50.9357743,5.487716,1742
VR2W-122340,2679,ak-23,00:00.0,00:00.0,50.9357743,5.487716,1154
VR2W-122340,2871,ak-23,00:00.0,00:00.0,50.9357743,5.487716,526
VR2W-122340,2872,ak-23,00:00.0,00:00.0,50.9357743,5.487716,4024
VR2W-122340,2873,ak-23,00:00.0,00:00.0,50.9357743,5.487716,1260
VR2W-122340,2874,ak-23,00:00.0,00:00.0,50.9357743,5.487716,3413
VR2W-122340,2875,ak-23,00:00.0,00:00.0,50.9357743,5.487716,1606
VR2W-122340,2876,ak-23,00:00.0,00:00.0,50.9357743,5.487716,278
VR2W-122340,2877,ak-23,00:00.0,00:00.0,50.9357743,5.487716,257
VR2W-122341,1663,de-6,00:00.0,00:00.0,50.9898768,5.0152068,573
VR2W-122343,1465,ws-A1,00:00.0,00:00.0,51.3724995,3.7229828,102
VR2W-122343,1609,ws-A1,00:00.0,00:00.0,51.3724995,3.7229828,550
VR2W-122343,1752,ws-A1,00:00.0,00:00.0,51.3724995,3.7229828,256
VR2W-122343,1753,ws-A1,00:00.0,00:00.0,51.3724995,3.7229828,24
VR2W-122343,1967,ws-A1,00:00.0,00:00.0,51.3724995,3.7229828,2
VR2W-122343,2045,ws-A1,00:00.0,00:00.0,51.3724995,3.7229828,263
VR2W-122343,2231,ws-A1,00:00.0,00:00.0,51.3724995,3.7229828,14
VR2W-122344,1661,de-3,00:00.0,00:00.0,51.0028729,4.9333539,51
VR2W-122345,1658,de-2,00:00.0,00:00.0,50.9942609,4.8938203,61
VR2W-122346,1623,ws-16,00:00.0,00:00.0,51.3544901,3.795027,72
VR2W-122346,1890,ws-16,00:00.0,00:00.0,51.3544901,3.795027,213
VR2W-122346,1891,ws-16,00:00.0,00:00.0,51.3544901,3.795027,16
VR2W-122346,1968,ws-16,00:00.0,00:00.0,51.3544901,3.795027,283
VR2W-122346,2232,ws-16,00:00.0,00:00.0,51.3544901,3.795027,248
VR2W-122347,1564,ak-19,00:00.0,00:00.0,50.8608382,5.6386158,1036
VR2W-122347,2454,ak-19,00:00.0,00:00.0,50.8608382,5.6386158,23
VR2W-122347,2455,ak-19,00:00.0,00:00.0,50.8608382,5.6386158,225
VR2W-122347,2879,ak-19,00:00.0,00:00.0,50.8608382,5.6386158,544
VR2W-122347,2880,ak-19,00:00.0,00:00.0,50.8608382,5.6386158,3664
VR2W-122347,2881,ak-19,00:00.0,00:00.0,50.8608382,5.6386158,4817
VR2W-122347,2882,ak-19,00:00.0,00:00.0,50.8608382,5.6386158,2379
VR2W-122347,2883,ak-19,00:00.0,00:00.0,50.8608382,5.6386158,123
VR2W-122347,2884,ak-19,00:00.0,00:00.0,50.8608382,5.6386158,1184
VR2W-122347,2885,ak-19,00:00.0,00:00.0,50.8608382,5.6386158,285
VR2W-122348,1433,de-14,00:00.0,00:00.0,50.9902591,5.0602737,12789
VR2W-122348,1592,de-14,00:00.0,00:00.0,50.9902591,5.0602737,2585
VR2W-122348,1754,de-14,00:00.0,00:00.0,50.9902591,5.0602737,710
VR2W-122348,1755,de-14,00:00.0,00:00.0,50.9902591,5.0602737,734
VR2W-122348,1756,M-5,00:00.0,00:00.0,51.0340958,4.471940005,768
VR2W-122348,1757,M-5,00:00.0,00:00.0,51.0340958,4.471940005,1269
VR2W-122348,1758,M-5,00:00.0,00:00.0,51.0340958,4.471940005,2054
VR2W-122348,1759,M-5,00:00.0,00:00.0,51.0340958,4.471940005,283
VR2W-122348,1760,M-5,00:00.0,00:00.0,51.0340958,4.471940005,602
VR2W-122348,3284,de-14,00:00.0,00:00.0,50.9902591,5.0602737,9
VR2W-122349,2440,ak-35,00:00.0,00:00.0,51.1576335,4.8653041,8000
VR2W-122349,2700,ak-35,00:00.0,00:00.0,51.1576335,4.8653041,38226
VR2W-122349,2702,ak-35,00:00.0,00:00.0,51.1576335,4.8653041,634
VR2W-122349,2887,ak-35,00:00.0,00:00.0,51.1576335,4.8653041,187
VR2W-122349,2888,ak-35,00:00.0,00:00.0,51.1576335,4.8653041,284
VR2W-122349,2889,ak-35,00:00.0,00:00.0,51.1576335,4.8653041,4226
VR2W-122349,2890,ak-35,00:00.0,00:00.0,51.1576335,4.8653041,3366
VR2W-122349,2891,ak-35,00:00.0,00:00.0,51.1576335,4.8653041,36088
VR2W-122349,2892,ak-35,00:00.0,00:00.0,51.1576335,4.8653041,1576
VR2W-122349,2893,ak-35,00:00.0,00:00.0,51.1576335,4.8653041,30746
VR2W-122350,1424,de-1,00:00.0,00:00.0,50.9851617,4.8410025,1273
VR2W-122350,1590,M-4,00:00.0,00:00.0,51.02483717,4.495207458,9406
VR2W-122350,1761,M-4,00:00.0,00:00.0,51.02483717,4.495207458,9837
VR2W-122350,1762,M-4,00:00.0,00:00.0,51.02483717,4.495207458,94967
VR2W-122350,1763,M-4,00:00.0,00:00.0,51.02483717,4.495207458,19915
VR2W-122350,1764,M-4,00:00.0,00:00.0,51.02483717,4.495207458,50538
VR2W-122351,1765,ak-40,00:00.0,00:00.0,51.2281277,4.5332846,71947
VR2W-122351,2441,ak-40,00:00.0,00:00.0,51.2281277,4.5332846,23024
VR2W-122351,2701,ak-40,00:00.0,00:00.0,51.2281277,4.5332846,23024
VR2W-122351,2704,ak-40,00:00.0,00:00.0,51.2281277,4.5332846,60
VR2W-122351,2894,ak-40,00:00.0,00:00.0,51.2281277,4.5332846,27
VR2W-122352,1567,ak-21,00:00.0,00:00.0,50.8887819,5.5749605,5049
VR2W-122352,2460,ak-21,00:00.0,00:00.0,50.8887819,5.5749605,2676
VR2W-122352,2461,ak-21,00:00.0,00:00.0,50.8887819,5.5749605,30093
VR2W-122352,2462,ak-21,00:00.0,00:00.0,50.8887819,5.5749605,23291
VR2W-122352,2463,ak-21,00:00.0,00:00.0,50.8887819,5.5749605,22217
VR2W-122352,2464,ak-21,00:00.0,00:00.0,50.8887819,5.5749605,726
VR2W-122352,2465,ak-21,00:00.0,00:00.0,50.8887819,5.5749605,11615
VR2W-122352,2466,ak-21,00:00.0,00:00.0,50.8887819,5.5749605,6524
VR2W-122353,1571,ak-25,00:00.0,00:00.0,50.9385133,5.4270421,45980
VR2W-122353,2452,ak-25,00:00.0,00:00.0,50.9385133,5.4270421,21001
VR2W-122353,2453,ak-25,00:00.0,00:00.0,50.9385133,5.4270421,979
VR2W-122353,2681,ak-25,00:00.0,00:00.0,50.9385133,5.4270421,1512
VR2W-122353,2895,ak-25,00:00.0,00:00.0,50.9385133,5.4270421,60
VR2W-122353,2896,ak-25,00:00.0,00:00.0,50.9385133,5.4270421,33455
VR2W-122353,2897,ak-25,00:00.0,00:00.0,50.9385133,5.4270421,50414
VR2W-122353,2898,ak-25,00:00.0,00:00.0,50.9385133,5.4270421,15084
VR2W-122353,2899,ak-25,00:00.0,00:00.0,50.9385133,5.4270421,14906
VR2W-122353,2900,ak-25,00:00.0,00:00.0,50.9385133,5.4270421,12351
VR2W-122353,2901,ak-25,00:00.0,00:00.0,50.9385133,5.4270421,2742
VR2W-122354,1476,ak-29,00:00.0,00:00.0,51.096888,5.1133155,468745
VR2W-122354,2277,ak-29,00:00.0,00:00.0,51.096888,5.1133155,599828
VR2W-122354,2703,ak-29,00:00.0,00:00.0,51.096888,5.1133155,107000
VR2W-122354,2705,ak-29,00:00.0,00:00.0,51.096888,5.1133155,233302
VR2W-122354,2903,ak-29,00:00.0,00:00.0,51.096888,5.1133155,40
VR2W-122354,2904,ak-29,00:00.0,00:00.0,51.096888,5.1133155,140
VR2W-122354,2905,ak-29,00:00.0,00:00.0,51.096888,5.1133155,99
VR2W-122354,2906,ak-29,00:00.0,00:00.0,51.096888,5.1133155,1688
VR2W-122354,2907,ak-29,00:00.0,00:00.0,51.096888,5.1133155,21000
VR2W-122354,2908,ak-29,00:00.0,00:00.0,51.096888,5.1133155,29842
VR2W-122354,2909,ak-29,00:00.0,00:00.0,51.096888,5.1133155,29842
VR2W-122354,2910,ak-29,00:00.0,00:00.0,51.096888,5.1133155,9445
VR2W-122354,2911,ak-29,00:00.0,00:00.0,51.096888,5.1133155,186185
VR2W-122355,1637,ak-22,00:00.0,00:00.0,50.9356423,5.4970086,786
VR2W-122357,2028,gn-Lier,00:00.0,00:00.0,51.13594,4.59381,443
VR2W-122357,2568,gn-Lier,00:00.0,00:00.0,51.13594,4.59381,339
VR2W-122358,1766,ak-39,00:00.0,00:00.0,51.2248728,4.544249,7333
VR2W-122358,2442,ak-39,00:00.0,00:00.0,51.2248728,4.544249,11286
VR2W-122358,2706,ak-39,00:00.0,00:00.0,51.2248728,4.544249,5983
VR2W-122358,2913,ak-39,00:00.0,00:00.0,51.2248728,4.544249,201
VR2W-122358,2914,ak-39,00:00.0,00:00.0,51.2248728,4.544249,315
VR2W-122358,2915,ak-39,00:00.0,00:00.0,51.2248728,4.544249,38073
VR2W-122358,2916,ak-39,00:00.0,00:00.0,51.2248728,4.544249,8848
VR2W-122359,1475,ak-27,00:00.0,00:00.0,50.9406792,5.3643243,437
VR2W-122359,1596,HH11,00:00.0,00:00.0,51.194393,5.155753,5656
VR2W-122359,1935,HH11,00:00.0,00:00.0,51.194393,5.155753,779
VR2W-122359,2443,HH11,00:00.0,00:00.0,51.194393,5.155753,4647
VR2W-122359,2707,HH11,00:00.0,00:00.0,51.194393,5.155753,29
VR2W-122359,2918,ak-27,00:00.0,00:00.0,50.9406792,5.3643243,61
VR2W-122359,2919,ak-27,00:00.0,00:00.0,50.9406792,5.3643243,838
VR2W-122360,1542,ak-33,00:00.0,00:00.0,51.0985513,5.1029468,67114
VR2W-122360,1767,ak-33,00:00.0,00:00.0,51.0985513,5.1029468,81174
VR2W-122360,2444,ak-33,00:00.0,00:00.0,51.0985513,5.1029468,172113
VR2W-122360,2708,ak-33,00:00.0,00:00.0,51.0985513,5.1029468,3781
VR2W-122360,2921,ak-33,00:00.0,00:00.0,51.0985513,5.1029468,119429
VR2W-122360,2923,ak-33,00:00.0,00:00.0,51.0985513,5.1029468,99
VR2W-122360,2924,ak-33,00:00.0,00:00.0,51.0985513,5.1029468,115
VR2W-122360,2925,ak-33,00:00.0,00:00.0,51.0985513,5.1029468,324
VR2W-122360,2926,ak-33,00:00.0,00:00.0,51.0985513,5.1029468,1443
VR2W-122360,2927,ak-33,00:00.0,00:00.0,51.0985513,5.1029468,20442
VR2W-122360,2928,ak-33,00:00.0,00:00.0,51.0985513,5.1029468,8993
VR2W-122360,2929,ak-33,00:00.0,00:00.0,51.0985513,5.1029468,21814
VR2W-122361,1394,ak-5,00:00.0,00:00.0,50.627465,5.573548,458
VR2W-122362,1382,de-22,00:00.0,00:00.0,,,490
VR2W-122362,1589,M-3,00:00.0,00:00.0,51.0229057,4.497271313,10
VR2W-122362,1660,de-22,00:00.0,00:00.0,50.9833902,5.0759855,132
VR2W-122362,1768,M-3,00:00.0,00:00.0,51.0229057,4.497271313,55
VR2W-122362,1769,M-3,00:00.0,00:00.0,51.0229057,4.497271313,44
VR2W-122362,1770,M-3,00:00.0,00:00.0,51.0229057,4.497271313,5477
VR2W-122362,1771,M-3,00:00.0,00:00.0,51.0229057,4.497271313,1806
VR2W-122362,1773,M-3,00:00.0,00:00.0,51.0229057,4.497271313,33957
VR2W-122362,1774,M-3,00:00.0,00:00.0,51.0229057,4.497271313,88672
VR2W-122363,1440,de-20,00:00.0,00:00.0,50.9847044,5.0765513,75
VR2W-122363,1469,s-4a,00:00.0,00:00.0,51.03203,4.18166,308
VR2W-122363,1775,s-4a,00:00.0,00:00.0,51.03203,4.18166,594
VR2W-122363,1950,s-4a,00:00.0,00:00.0,51.03203,4.18166,198
VR2W-122363,2255,s-4a,00:00.0,00:00.0,51.03203,4.18166,3585
VR2W-122363,2663,s-4a,00:00.0,00:00.0,51.03203,4.18166,784
VR2W-122364,1432,de-13,00:00.0,00:00.0,50.9918161,5.0578433,126668
VR2W-122364,1585,de-13,00:00.0,00:00.0,50.9918161,5.0578433,9884
VR2W-122364,1778,de-13,00:00.0,00:00.0,50.9918161,5.0578433,9366
VR2W-122364,3302,ak-5,00:00.0,00:00.0,50.627465,5.573548,3003
VR2W-122365,1578,ak-8,00:00.0,00:00.0,50.648447,5.603056,1286
VR2W-122365,2934,ak-8,00:00.0,00:00.0,50.648447,5.603056,17
VR2W-122365,3304,ak-8,00:00.0,00:00.0,50.648447,5.603056,9828
VR2W-122366,1560,ak-11,00:00.0,00:00.0,50.65697,5.626992,949
VR2W-122366,2936,ak-11,00:00.0,00:00.0,50.65697,5.626992,111
VR2W-122366,3306,ak-11,00:00.0,00:00.0,50.65697,5.626992,659
VR2W-122367,1383,de-15,00:00.0,00:00.0,,,1952
VR2W-122367,1430,de-12,00:00.0,00:00.0,50.9911178,5.0574492,1214
VR2W-122367,1470,de-12,00:00.0,00:00.0,50.9911178,5.0574492,99
VR2W-122367,1780,de-12,00:00.0,00:00.0,51.05593,4.20024,687
VR2W-122367,1781,s-4b,00:00.0,00:00.0,51.05593,4.20024,977
VR2W-122367,1782,s-4b,00:00.0,00:00.0,51.05593,4.20024,17316
VR2W-122367,1951,s-4b,00:00.0,00:00.0,51.05593,4.20024,1758
VR2W-122367,2247,s-4b,00:00.0,00:00.0,51.05593,4.20024,10023
VR2W-122367,2662,s-4b,00:00.0,00:00.0,51.05593,4.20024,2703
VR2W-122367,2938,de-12,00:00.0,00:00.0,50.9911178,5.0574492,697
VR2W-122368,1391,ws-25B,00:00.0,00:00.0,51.3465544,3.800172,6
VR2W-123812,1395,bpns-NIEUWPOORTKUST8,00:00.0,00:00.0,51.160167,2.691833333,3
VR2W-123813,1449,ws-STEEN,00:00.0,00:00.0,51.403409,3.465898,132
VR2W-123813,1617,ws-STEEN,00:00.0,00:00.0,51.403409,3.465898,83
VR2W-123813,1784,ws-STEEN,00:00.0,00:00.0,51.403409,3.465898,70
VR2W-123813,1785,ws-STEEN,00:00.0,00:00.0,51.403409,3.465898,185
VR2W-123813,1969,ws-STEEN,00:00.0,00:00.0,51.403409,3.465898,400
VR2W-123813,2115,ws-STEEN,00:00.0,00:00.0,51.403409,3.465898,85
VR2W-123813,2198,ws-STEEN,00:00.0,00:00.0,51.403409,3.465898,25
VR2W-123813,2517,ws-STEEN,00:00.0,00:00.0,51.403409,3.465898,209
VR2W-123814,1450,ws-W7,00:00.0,00:00.0,51.410173,3.454515,79507
VR2W-123814,1636,ws-W7,00:00.0,00:00.0,51.4102,3.4545,80143
VR2W-123814,1786,bpns-NIEUWPOORTKUST8,00:00.0,00:00.0,51.160167,2.691833333,14
VR2W-123815,1619,ws-W6,00:00.0,00:00.0,51.41834,3.453181,16
VR2W-123815,1892,ws-W6,00:00.0,00:00.0,51.41834,3.453181,136
VR2W-123815,1893,ws-W6,00:00.0,00:00.0,51.41834,3.453181,274
VR2W-123815,1894,ws-W6,00:00.0,00:00.0,51.41834,3.453181,9
VR2W-123815,1895,ws-W6,00:00.0,00:00.0,51.41834,3.453181,1060
VR2W-123815,1970,ws-W6,00:00.0,00:00.0,51.41834,3.453181,25
VR2W-123815,2199,ws-W6,00:00.0,00:00.0,51.41834,3.453181,19
VR2W-123815,2518,ws-W6,00:00.0,00:00.0,51.41834,3.453181,171
VR2W-123816,1451,ws-WN2,00:00.0,00:00.0,51.428174,3.462181,28
VR2W-123816,1621,ws-WN2,00:00.0,00:00.0,51.428174,3.462181,171
VR2W-123816,2108,ws-WN2,00:00.0,00:00.0,51.428174,3.462181,673
VR2W-123817,1618,ws-TRAWL,00:00.0,00:00.0,51.437785,3.470347,52
VR2W-123817,1896,ws-TRAWL,00:00.0,00:00.0,51.437785,3.470347,38
VR2W-123817,1897,ws-TRAWL,00:00.0,00:00.0,51.437785,3.470347,73
VR2W-123817,1898,ws-TRAWL,00:00.0,00:00.0,51.437785,3.470347,21
VR2W-123817,1899,ws-TRAWL,00:00.0,00:00.0,51.437785,3.470347,41
VR2W-123817,2017,ws-TRAWL,00:00.0,00:00.0,51.437785,3.470347,20
VR2W-123817,2200,ws-TRAWL,00:00.0,00:00.0,51.437785,3.470347,214
VR2W-123817,2519,ws-TRAWL,00:00.0,00:00.0,51.437785,3.470347,79
VR2W-123818,1448,ws-GVWSP,00:00.0,00:00.0,51.447341,3.470514,6
VR2W-123818,1789,ws-GVWSP,00:00.0,00:00.0,51.447341,3.470514,11
VR2W-123818,1790,ws-GVWSP,00:00.0,00:00.0,51.447341,3.470514,25
VR2W-123818,2018,ws-GVWSP,00:00.0,00:00.0,51.447341,3.470514,4
VR2W-123818,2170,ws-GVWSP,00:00.0,00:00.0,51.447341,3.470514,3
VR2W-123818,2201,ws-GVWSP,00:00.0,00:00.0,51.447341,3.470514,102
VR2W-123818,2520,ws-GVWSP,00:00.0,00:00.0,51.447341,3.470514,10
VR2W-123819,1616,ws-SP3,00:00.0,00:00.0,51.459333,3.4718333,40
VR2W-123819,1903,ws-SP3,00:00.0,00:00.0,51.459333,3.4718333,10
VR2W-123819,2019,ws-SP3,00:00.0,00:00.0,51.459333,3.4718333,20
VR2W-123819,2202,ws-SP3,00:00.0,00:00.0,51.459333,3.4718333,3
VR2W-123820,1611,ws-DL7,00:00.0,00:00.0,51.471342,3.475013,21
VR2W-123820,1792,ws-DL7,00:00.0,00:00.0,51.471342,3.475013,4
VR2W-123820,2020,ws-DL7,00:00.0,00:00.0,51.471342,3.475013,22
VR2W-123820,2203,ws-DL7,00:00.0,00:00.0,51.471342,3.475013,15
VR2W-123820,2522,ws-DL7,00:00.0,00:00.0,51.471342,3.475013,98
VR2W-123821,1612,ws-DL9,00:00.0,00:00.0,51.465842,3.48868,14
VR2W-123822,1547,bpns-D1,00:00.0,00:00.0,51.2325,2.643166667,7
VR2W-123822,1915,bpns-D1,00:00.0,00:00.0,51.2325,2.643166667,2
VR2W-123823,1556,bpns-WK14,00:00.0,00:00.0,51.3685,3.262,5
VR2W-123823,1919,bpns-WK14,00:00.0,00:00.0,51.3685,3.262,1
VR2W-123823,1920,bpns-WK14,00:00.0,00:00.0,51.3685,3.262,126
VR2W-123823,1921,bpns-WK14,00:00.0,00:00.0,51.3685,3.262,6
VR2W-123823,1922,bpns-WK14,00:00.0,00:00.0,51.3685,3.262,1178
VR2W-123823,2003,bpns-WK14,00:00.0,00:00.0,51.3685,3.262,140
VR2W-123823,2548,bpns-WK14,00:00.0,00:00.0,51.3685,3.262,27
VR2W-123824,1398,bpns-W1,00:00.0,00:00.0,51.391333,3.303666667,67
VR2W-123824,1988,bpns-W1,00:00.0,00:00.0,51.391333,3.303666667,7
VR2W-123825,1396,bpns-OH6,00:00.0,00:00.0,51.239667,2.9215,5
VR2W-123826,1557,bpns-WZ,00:00.0,00:00.0,51.376167,3.178666667,2
VR2W-123826,1796,bpns-WZ,00:00.0,00:00.0,51.376167,3.178666667,31
VR2W-123826,1987,bpns-WZ,00:00.0,00:00.0,51.376167,3.178666667,13
VR2W-123826,2110,bpns-WZ,00:00.0,00:00.0,51.376167,3.178666667,13
VR2W-123826,2172,VLVS11,00:00.0,00:00.0,51.3572,4.17046,162
VR2W-123827,2186,bpns-WENDUINEBANKW,00:00.0,00:00.0,51.287167,2.879166667,9
VR2W-123827,2552,bpns-WENDUINEBANKW,00:00.0,00:00.0,51.287167,2.879166667,5
VR2W-123828,1545,bpns-A1BIS,00:00.0,00:00.0,51.361333,2.967,9
VR2W-123828,1923,bpns-A1BIS,00:00.0,00:00.0,51.361333,2.967,9
VR2W-123828,1926,bpns-A1BIS,00:00.0,00:00.0,51.361333,2.967,66
VR2W-123828,2005,bpns-A1BIS,00:00.0,00:00.0,51.361333,2.967,84
VR2W-123828,2187,bpns-A1BIS,00:00.0,00:00.0,51.361333,2.967,15
VR2W-123829,1845,bpns-S7,00:00.0,00:00.0,51.399667,3.173666667,89
VR2W-123829,1846,bpns-S7,00:00.0,00:00.0,51.399667,3.173666667,27
VR2W-123829,1847,bpns-S7,00:00.0,00:00.0,51.399667,3.173666667,56
VR2W-123830,1610,ws-DL12,00:00.0,00:00.0,51.466175,3.502181,3
VR2W-123830,1850,ws-DL12,00:00.0,00:00.0,51.466175,3.502181,20
VR2W-123830,2523,ws-DL12,00:00.0,00:00.0,51.466175,3.502181,20
VR2W-123831,1615,ws-OGDL,00:00.0,00:00.0,51.46395,3.51263,26
VR2W-123831,1904,ws-OGDL,00:00.0,00:00.0,51.46395,3.51263,115
VR2W-123831,1905,ws-OGDL,00:00.0,00:00.0,51.46395,3.51263,25
VR2W-123831,1906,ws-OGDL,00:00.0,00:00.0,51.46395,3.51263,17
VR2W-123831,2022,ws-OGDL,00:00.0,00:00.0,51.46395,3.51263,9
VR2W-123831,2524,ws-OGDL,00:00.0,00:00.0,51.46395,3.51263,45
VR2W-123832,1614,ws-OG10,00:00.0,00:00.0,51.474675,3.510681,8
VR2W-123832,1907,ws-OG10,00:00.0,00:00.0,51.474675,3.510681,248
VR2W-123832,1908,ws-OG10,00:00.0,00:00.0,51.474675,3.510681,95
VR2W-123832,1909,ws-OG10,00:00.0,00:00.0,51.474675,3.510681,34
VR2W-123832,2023,ws-OG10,00:00.0,00:00.0,51.474675,3.510681,48
VR2W-123832,2525,ws-OG10,00:00.0,00:00.0,51.474675,3.510681,59
VR2W-123835,2173,VLVS12,00:00.0,00:00.0,51.35376,4.18538,108
VR2W-124059,1576,ak-6,00:00.0,00:00.0,50.633529,5.576963,1244
VR2W-124059,2940,ak-6,00:00.0,00:00.0,50.633529,5.576963,10
VR2W-124060,1384,de-21,00:00.0,00:00.0,,,227
VR2W-124060,1570,ak-24,00:00.0,00:00.0,50.9380396,5.4373164,523
VR2W-124060,1659,de-21,00:00.0,00:00.0,50.9843681,5.0725863,5312
VR2W-124060,2445,ak-24,00:00.0,00:00.0,50.9380396,5.4373164,1380
VR2W-124060,2682,ak-24,00:00.0,00:00.0,50.9380396,5.4373164,17331
VR2W-124060,2942,ak-24,00:00.0,00:00.0,50.9380396,5.4373164,6929
VR2W-124060,2943,ak-24,00:00.0,00:00.0,50.9380396,5.4373164,158
VR2W-124060,2944,ak-24,00:00.0,00:00.0,50.9380396,5.4373164,4004
VR2W-124061,1429,de-11,00:00.0,00:00.0,50.9922283,5.0549485,295
VR2W-124061,1587,M-1,00:00.0,00:00.0,51.01136918,4.520968635,1367
VR2W-124061,1799,M-1,00:00.0,00:00.0,51.01136918,4.520968635,2642
VR2W-124061,1800,M-1,00:00.0,00:00.0,51.01136918,4.520968635,5349
VR2W-124061,1801,M-1,00:00.0,00:00.0,51.01136918,4.520968635,681
VR2W-124061,1802,M-1,00:00.0,00:00.0,51.01136918,4.520968635,2393
VR2W-124062,1584,ak-4,00:00.0,00:00.0,50.62285,5.580676,1790
VR2W-124062,2946,ak-4,00:00.0,00:00.0,50.62285,5.580676,3
VR2W-124063,1577,ak-7,00:00.0,00:00.0,50.636918,5.585103,137
VR2W-124063,2948,ak-7,00:00.0,00:00.0,50.636918,5.585103,1482
VR2W-124064,1441,de-23,00:00.0,00:00.0,50.98197,5.0780232,3565
VR2W-124064,2288,S09,00:00.0,00:00.0,51.097162,5.11063,466860
VR2W-124064,2289,S09,00:00.0,00:00.0,51.097162,5.11063,285551
VR2W-124064,2950,S09,00:00.0,00:00.0,51.097162,5.11063,8895
VR2W-124064,2951,S09,00:00.0,00:00.0,51.097162,5.11063,184726
VR2W-124065,1436,de-19,00:00.0,00:00.0,50.9849358,5.075274,682
VR2W-124065,3352,ma-5,00:00.0,00:00.0,50.882698,5.706716,16
VR2W-124066,1439,de-18,00:00.0,00:00.0,50.9876189,5.0742895,219
VR2W-124067,1559,ak-10,00:00.0,00:00.0,50.654402,5.622823,402
VR2W-124067,2953,ak-10,00:00.0,00:00.0,50.654402,5.622823,27
VR2W-124068,1561,ak-13,00:00.0,00:00.0,50.702052,5.67876,8
VR2W-124070,1437,de-9,00:00.0,30:00.0,50.9912632,5.049155,14923
VR2W-124070,1588,de-9,30:00.0,00:00.0,50.9912632,5.049155,4
VR2W-124070,1803,M-2,00:00.0,00:00.0,51.02082596,4.498485779,2946
VR2W-124070,1804,M-2,00:00.0,00:00.0,51.02082596,4.498485779,1943
VR2W-124070,1805,M-2,00:00.0,00:00.0,51.02082596,4.498485779,44851
VR2W-124070,1806,M-2,00:00.0,00:00.0,51.02082596,4.498485779,7648
VR2W-124070,1807,M-2,00:00.0,00:00.0,51.02082596,4.498485779,3372
VR2W-124071,1521,ws-12A,00:00.0,00:00.0,51.3648799,3.765539,84
VR2W-124071,1910,ws-12A,00:00.0,00:00.0,51.3648799,3.765539,34
VR2W-124071,1911,ws-12A,00:00.0,00:00.0,51.3648799,3.765539,39
VR2W-124071,1912,ws-12A,00:00.0,00:00.0,51.3648799,3.765539,145
VR2W-124071,1913,ws-12A,00:00.0,00:00.0,51.3648799,3.765539,41
VR2W-124071,1971,ws-12A,00:00.0,00:00.0,51.3648799,3.765539,452
VR2W-124071,2233,ws-12A,00:00.0,00:00.0,51.3648799,3.765539,17
VR2W-124073,1502,ws-14,00:00.0,00:00.0,51.3601518,3.7798113,27
VR2W-124076,1431,de-12,00:00.0,00:00.0,50.9911178,5.0574492,6642
VR2W-124076,1506,de-12,00:00.0,00:00.0,50.9911178,5.0574492,5
VR2W-124076,1656,de-12,00:00.0,00:00.0,50.9911178,5.0574492,379
VR2W-124076,1810,de-12,00:00.0,00:00.0,50.9911178,5.0574492,26
VR2W-124076,1811,ma-2,00:00.0,00:00.0,50.865472,5.697744,12
VR2W-124076,1812,ma-2,00:00.0,00:00.0,50.865472,5.697744,4
VR2W-124077,1563,ak-17,00:00.0,00:00.0,50.807726,5.674801,66
VR2W-124077,2956,ak-17,00:00.0,00:00.0,50.807726,5.674801,790
VR2W-124077,2957,ak-17,00:00.0,00:00.0,50.807726,5.674801,66
VR2W-124077,2958,ak-17,00:00.0,00:00.0,50.807726,5.674801,208
VR2W-124078,1428,de-10,00:00.0,00:00.0,50.9916225,5.0542423,2220
VR2W-124078,1813,ma-1,00:00.0,00:00.0,50.863936,5.699716,7
VR2W-124078,1814,ma-1,00:00.0,00:00.0,50.863936,5.699716,6
VR2W-124078,3355,ma-1,00:00.0,00:00.0,50.863936,5.699716,66
VR2W-126194,1487,ak-42,00:00.0,00:00.0,51.242076,4.403539,31
VR2W-126194,1815,ak-42,00:00.0,00:00.0,51.242076,4.403539,625
VR2W-126194,1816,ak-42,00:00.0,00:00.0,51.242076,4.403539,164
VR2W-126194,1817,ak-42,00:00.0,00:00.0,51.242076,4.403539,2951
VR2W-126194,2488,ak-42,00:00.0,00:00.0,51.242076,4.403539,1421
VR2W-126194,2709,ak-42,00:00.0,00:00.0,51.242076,4.403539,1698
VR2W-126195,1486,ak-41,00:00.0,00:00.0,51.239128,4.397469,82
VR2W-126195,1818,ak-41,00:00.0,00:00.0,51.239128,4.397469,223
VR2W-126195,1819,ak-41,00:00.0,00:00.0,51.239128,4.397469,977
VR2W-126195,2489,ak-41,00:00.0,00:00.0,51.239128,4.397469,7
VR2W-126195,2612,ak-41,00:00.0,00:00.0,51.239128,4.397469,74
VR2W-126195,2710,ak-41,00:00.0,00:00.0,51.239128,4.397469,94
VR2W-126196,1488,ak-44,00:00.0,00:00.0,51.273737,4.332208,127
VR2W-126196,1820,ak-44,00:00.0,00:00.0,51.273737,4.332208,97
VR2W-126196,1821,ak-44,00:00.0,00:00.0,51.273737,4.332208,163
VR2W-126196,2490,ak-44,00:00.0,00:00.0,51.273737,4.332208,98
VR2W-126196,2711,ak-44,00:00.0,00:00.0,51.273737,4.332208,236
VR2W-126197,1489,ak-45,00:00.0,00:00.0,51.280982,4.329702,366
VR2W-126197,1822,ak-45,00:00.0,00:00.0,51.280982,4.329702,128
VR2W-126197,1823,ak-45,00:00.0,00:00.0,51.280982,4.329702,277
VR2W-126197,2491,ak-45,00:00.0,00:00.0,51.280982,4.329702,2
VR2W-126197,2613,ak-45,00:00.0,00:00.0,51.280982,4.329702,384
VR2W-126197,2712,ak-45,00:00.0,00:00.0,51.280982,4.329702,397
VR2W-126198,1490,ak-46,00:00.0,00:00.0,51.344943,4.290537,117
VR2W-126198,1824,ak-46,00:00.0,00:00.0,51.344943,4.290537,2946
VR2W-126199,1491,ak-47,00:00.0,00:00.0,51.345793,4.278738,136
VR2W-126199,1826,ak-47,00:00.0,00:00.0,51.345793,4.278738,102
VR2W-126199,1827,ak-47,00:00.0,00:00.0,51.345793,4.278738,23
VR2W-126199,2492,ak-47,00:00.0,00:00.0,51.345793,4.278738,13
VR2W-126199,2713,ak-47,00:00.0,00:00.0,51.345793,4.278738,13
VR2W-126200,1492,ak-48,00:00.0,00:00.0,51.367743,4.3015,7
VR2W-126200,1828,ak-48,00:00.0,00:00.0,51.367743,4.3015,36
VR2W-126200,1829,ak-48,00:00.0,00:00.0,51.367743,4.3015,85
VR2W-126200,2493,ak-48,00:00.0,00:00.0,51.367743,4.3015,52
VR2W-126200,2714,ak-48,00:00.0,00:00.0,51.367743,4.3015,53
VR2W-126201,2101,ws-25A,00:00.0,00:00.0,51.352186,3.781008,159
VR2W-126201,2469,bpns-Trapegeer,00:00.0,00:00.0,51.14033333,2.573,33
VR2W-126202,1675,ws-25B,00:00.0,00:00.0,51.3465544,3.800172,101
VR2W-126202,1676,ws-25B,00:00.0,00:00.0,51.3465544,3.800172,36
VR2W-126202,2046,ws-25B,00:00.0,00:00.0,51.3465544,3.800172,271
VR2W-126202,2234,ws-25B,00:00.0,00:00.0,51.3465544,3.800172,62
VR2W-127022,1514,S17,00:00.0,00:00.0,51.098163,5.109424,421491
VR2W-127022,2278,S17,00:00.0,00:00.0,51.098163,5.109424,268000
VR2W-127022,2715,S17,00:00.0,00:00.0,51.098163,5.109424,212245
VR2W-127022,2960,S17,00:00.0,00:00.0,51.098163,5.109424,130858
VR2W-127022,2961,S17,00:00.0,00:00.0,51.098163,5.109424,183072
VR2W-127022,2962,S17,00:00.0,00:00.0,51.098163,5.109424,6717
VR2W-127023,1509,S02,00:00.0,00:00.0,51.096973,5.110242,124125
VR2W-127023,1830,S07,00:00.0,00:00.0,51.096973,5.110242,353764
VR2W-127023,2286,S07,00:00.0,00:00.0,51.096973,5.110242,448237
VR2W-127023,2716,S07,00:00.0,00:00.0,51.096973,5.110242,179561
VR2W-127023,2965,S02,00:00.0,00:00.0,51.096973,5.110242,5619
VR2W-127023,2966,S02,00:00.0,00:00.0,51.096973,5.110242,92799
VR2W-127023,2967,S02,00:00.0,00:00.0,51.096973,5.110242,6312
VR2W-127023,2968,S02,00:00.0,00:00.0,51.096973,5.110242,147922
VR2W-127023,2969,S02,00:00.0,00:00.0,51.096973,5.110242,16379
VR2W-127023,2970,S02,00:00.0,00:00.0,51.096973,5.110242,85654
VR2W-127024,1511,S13,00:00.0,00:00.0,51.097103,5.111644,429025
VR2W-127024,2279,S13,00:00.0,00:00.0,51.097103,5.111644,507480
VR2W-127024,2717,S13,00:00.0,00:00.0,51.097103,5.111644,67000
VR2W-127024,2972,S13,00:00.0,00:00.0,51.097103,5.111644,6793
VR2W-127024,2973,S13,00:00.0,00:00.0,51.097103,5.111644,129815
VR2W-127024,2974,S13,00:00.0,00:00.0,51.097103,5.111644,59000
VR2W-127024,2976,S13,00:00.0,00:00.0,51.097103,5.111644,178527
VR2W-127025,2196,S08,00:00.0,00:00.0,51.097872,5.109724,475279
VR2W-127025,2720,S08,00:00.0,00:00.0,51.097872,5.109724,597992
VR2W-127025,2721,S08,00:00.0,00:00.0,51.097872,5.109724,230602
VR2W-127025,2979,S08,00:00.0,00:00.0,51.097872,5.109724,6891
VR2W-127025,2980,S08,00:00.0,00:00.0,51.097872,5.109724,133818
VR2W-127025,2981,S08,00:00.0,00:00.0,51.097872,5.109724,187981
VR2W-127026,1591,M-4A,00:00.0,00:00.0,51.025057,4.495476,7574
VR2W-127026,1831,M-4A,00:00.0,00:00.0,51.025057,4.495476,6092
VR2W-127026,1832,M-4A,00:00.0,00:00.0,51.025057,4.495476,65088
VR2W-127026,1833,M-4A,00:00.0,00:00.0,51.025057,4.495476,3912
VR2W-127026,1834,M-4A,00:00.0,00:00.0,51.025057,4.495476,22754
VR2W-127027,1508,S10,00:00.0,00:00.0,51.097225,5.110328,433083
VR2W-127027,2280,S10,00:00.0,00:00.0,51.097225,5.110328,425376
VR2W-127027,2756,S10,00:00.0,00:00.0,51.097225,5.110328,209090
VR2W-127027,2986,S10,00:00.0,00:00.0,51.097225,5.110328,6843
VR2W-127027,2987,S10,00:00.0,00:00.0,51.097225,5.110328,126911
VR2W-127027,2988,S10,00:00.0,00:00.0,51.097225,5.110328,42000
VR2W-127028,1516,S18,00:00.0,00:00.0,51.097433,5.109707,375581
VR2W-127028,2281,S18,00:00.0,00:00.0,51.097433,5.109707,579342
VR2W-127028,2757,S18,00:00.0,00:00.0,51.097433,5.109707,194981
VR2W-127028,2992,S18,00:00.0,00:00.0,51.097433,5.109707,118185
VR2W-127028,2994,S18,00:00.0,00:00.0,51.097433,5.109707,167925
VR2W-127029,1517,S14,00:00.0,00:00.0,51.098103,5.110244,479860
VR2W-127029,2282,S14,00:00.0,00:00.0,51.098103,5.110244,595741
VR2W-127029,2773,S14,00:00.0,00:00.0,51.098103,5.110244,194000
VR2W-127029,2999,S14,00:00.0,00:00.0,51.098103,5.110244,6792
VR2W-127029,3000,S14,00:00.0,00:00.0,51.098103,5.110244,133567
VR2W-127029,3001,S14,00:00.0,00:00.0,51.098103,5.110244,66000
VR2W-127030,1586,ak-34,00:00.0,00:00.0,51.1282853,5.1413858,6225
VR2W-127030,2446,ak-34,00:00.0,00:00.0,51.1282853,5.1413858,8215
VR2W-127030,3004,ak-34,00:00.0,00:00.0,51.1282853,5.1413858,20
VR2W-127030,3006,ak-34,00:00.0,00:00.0,51.1282853,5.1413858,268
VR2W-127031,1513,S16,00:00.0,00:00.0,51.097907,5.109191,397082
VR2W-127031,2283,S16,00:00.0,00:00.0,51.097907,5.109191,544185
VR2W-127031,3009,S16,00:00.0,00:00.0,51.097907,5.109191,197594
VR2W-127031,3013,S16,00:00.0,00:00.0,51.097907,5.109191,6281
VR2W-127031,3014,S16,00:00.0,00:00.0,51.097907,5.109191,120307
VR2W-127031,3015,S16,00:00.0,00:00.0,51.097907,5.109191,150164
VR2W-127032,1510,S12,00:00.0,00:00.0,51.096669,5.111477,358630
VR2W-127032,2284,S12,00:00.0,00:00.0,51.096669,5.111477,407098
VR2W-127032,3017,S12,00:00.0,00:00.0,51.096669,5.111477,174804
VR2W-127032,3018,S12,00:00.0,00:00.0,51.096669,5.111477,6580
VR2W-127032,3019,S12,00:00.0,00:00.0,51.096669,5.111477,115782
VR2W-127032,3020,S12,00:00.0,00:00.0,51.096669,5.111477,142320
VR2W-127033,1512,S15,00:00.0,00:00.0,51.09763,5.108964,289191
VR2W-127033,2285,S15,00:00.0,00:00.0,51.09763,5.108964,399540
VR2W-127033,3030,S15,00:00.0,00:00.0,51.09763,5.108964,108669
VR2W-127033,3031,S15,00:00.0,00:00.0,51.09763,5.108964,5422
VR2W-127033,3286,S15,00:00.0,00:00.0,51.09763,5.108964,120997
VR2W-127033,3288,S15,00:00.0,00:00.0,51.09763,5.108964,107067
VR2W-127109,1835,,,00:00.0,,,2
VR2W-127109,2174,VLVS13,00:00.0,00:00.0,51.36983,4.17912,117
VR2W-127110,1633,bpns-BelwindReefballs,00:00.0,00:00.0,51.70442,2.81259,25
VR2W-127110,2189,bpns-CPowerReefballs,00:00.0,00:00.0,51.5800044,2.9954894,91869
VR2W-127715,2012,,,00:00.0,,,205
VR2W-127716,1985,s-10a,00:00.0,00:00.0,51.235423,4.396673,290
VR2W-127716,2238,s-10a,00:00.0,00:00.0,51.235423,4.396673,2254
VR2W-127716,2652,s-10a,00:00.0,00:00.0,51.235423,4.396673,463
VR2W-127718,2024,ws-WN2,00:00.0,00:00.0,51.428174,3.462181,62
VR2W-127718,2207,ws-WN2,00:00.0,00:00.0,51.428174,3.462181,44
VR2W-127718,2527,ws-WN2,00:00.0,00:00.0,51.428174,3.462181,153
VR2W-127719,1607,s-8a,00:00.0,00:00.0,51.14222,4.32646,252
VR2W-127719,1952,s-8a,00:00.0,00:00.0,51.14222,4.32646,210
VR2W-127719,2241,s-8a,00:00.0,00:00.0,51.14222,4.32646,1064
VR2W-127719,2656,s-8a,00:00.0,00:00.0,51.14222,4.32646,376
VR2W-127720,1604,HH9,00:00.0,00:00.0,51.092742,5.137916,13085
VR2W-127720,1837,HH9,00:00.0,00:00.0,51.092742,5.137916,36408
VR2W-127720,2447,HH9,00:00.0,00:00.0,51.092742,5.137916,44036
VR2W-127720,3029,HH9,00:00.0,00:00.0,51.092742,5.137916,164
VR2W-127721,1599,HH4,00:00.0,00:00.0,50.99323,5.245137,585
VR2W-127721,1838,HH4,00:00.0,00:00.0,50.99323,5.245137,9355
VR2W-127721,3027,HH4,00:00.0,00:00.0,50.99323,5.245137,21621
VR2W-127721,3028,HH4,00:00.0,00:00.0,50.99323,5.245137,22610
VR2W-127722,1597,HH2,00:00.0,00:00.0,50.965597,5.287241,224
VR2W-127722,2448,HH2,00:00.0,00:00.0,50.965597,5.287241,7214
VR2W-127722,3024,HH2,00:00.0,00:00.0,50.965597,5.287241,7264
VR2W-127722,3025,HH2,00:00.0,00:00.0,50.965597,5.287241,964
VR2W-127724,1600,HH5,00:00.0,00:00.0,51.016368,5.233414,44039
VR2W-127724,1839,HH5,00:00.0,00:00.0,51.016368,5.233414,2383
VR2W-127724,2449,HH5,00:00.0,00:00.0,51.016368,5.233414,289000
VR2W-127724,3023,HH5,00:00.0,00:00.0,51.016368,5.233414,570981
VR2W-127725,1630,ws-HW6,00:00.0,00:00.0,51.43484,4.02702,16
VR2W-127725,1962,ws-HW6,00:00.0,00:00.0,51.43484,4.02702,303
VR2W-127725,2259,ws-HW6,00:00.0,00:00.0,51.43484,4.02702,67
VR2W-127726,1598,HH3,00:00.0,00:00.0,50.973296,5.270083,190
VR2W-127726,1840,HH3,00:00.0,00:00.0,50.973296,5.270083,1895
VR2W-127726,2450,HH3,00:00.0,00:00.0,50.973296,5.270083,43586
VR2W-127726,3022,HH3,00:00.0,00:00.0,50.973296,5.270083,271
VR2W-127727,2025,ws-DL9,00:00.0,00:00.0,51.465842,3.48868,3
VR2W-127727,2208,ws-DL9,00:00.0,00:00.0,51.465842,3.48868,1
VR2W-127727,2528,ws-DL9,00:00.0,00:00.0,51.465842,3.48868,2
VR2W-127728,1605,s-11,00:00.0,00:00.0,51.29646,4.2857,197
VR2W-127728,1953,s-11,00:00.0,00:00.0,51.29646,4.2857,503
VR2W-127728,2275,s-11,00:00.0,00:00.0,51.29646,4.2857,1667
VR2W-127728,2614,s-11,00:00.0,00:00.0,51.29646,4.2857,407
VR2W-127729,2184,bpns-S4,00:00.0,00:00.0,51.417167,3.0475,4
VR2W-127729,2499,bpns-S4,00:00.0,00:00.0,51.417167,3.0475,3
VR2W-127731,1627,ws-53A,00:00.0,00:00.0,51.411167,4.029233,27
VR2W-127731,1963,ws-53A,00:00.0,00:00.0,51.411167,4.029233,206
VR2W-127731,2260,ws-53A,00:00.0,00:00.0,51.411167,4.029233,159
VR2W-127732,1606,s-12,00:00.0,00:00.0,51.30305,4.28731,30
VR2W-127732,1939,s-12,00:00.0,00:00.0,51.30305,4.28731,151
VR2W-127732,2276,s-12,00:00.0,00:00.0,51.30305,4.28731,148
VR2W-127732,2615,s-12,00:00.0,00:00.0,51.30305,4.28731,38
VR2W-127733,1629,ws-FZ2,00:00.0,00:00.0,51.42601,4.03575,23
VR2W-127733,2261,ws-F42,00:00.0,00:00.0,51.42786,4.03246,119
VR2W-127734,1628,ws-55,00:00.0,00:00.0,51.40221,4.02998,79
VR2W-127734,1965,ws-55,00:00.0,00:00.0,51.40221,4.02998,421
VR2W-127734,2262,ws-55,00:00.0,00:00.0,51.40221,4.02998,111
VR2W-127735,1625,ws-42A,00:00.0,00:00.0,51.42251303,4.032860596,15
VR2W-127735,1966,ws-42A,00:00.0,00:00.0,51.42251303,4.032860596,203
VR2W-127735,2263,ws-42A,00:00.0,00:00.0,51.42251303,4.032860596,54
VR2W-127736,1622,ws-14,00:00.0,00:00.0,51.3601518,3.7798113,35
VR2W-127736,1961,ws-14,00:00.0,00:00.0,51.3601518,3.7798113,213
VR2W-127736,2235,ws-14,00:00.0,00:00.0,51.3601518,3.7798113,154
VR2W-127737,1626,ws-53,00:00.0,00:00.0,51.41651283,4.027360624,33
VR2W-127737,1960,ws-53,00:00.0,00:00.0,51.41651283,4.027360624,248
VR2W-127737,2264,ws-53,00:00.0,00:00.0,51.41651283,4.027360624,72
VR2W-127738,1608,s-9a,00:00.0,00:00.0,51.19068,4.33602,156
VR2W-127738,1938,s-9a,00:00.0,00:00.0,51.19068,4.33602,707
VR2W-127738,2242,s-9a,00:00.0,00:00.0,51.19068,4.33602,3200
VR2W-127738,2653,s-9a,00:00.0,00:00.0,51.19068,4.33602,669
VR2W-129563,2167,VLVS3,00:00.0,00:00.0,51.33728,4.13362,18
VR2W-129565,2169,VLVS5,00:00.0,00:00.0,51.34251,4.13668,35
VR2W-129566,2237,ws-25A,00:00.0,00:00.0,51.352186,3.781008,41
VR2W-129568,2165,VLVS1,00:00.0,00:00.0,51.35069,4.11802,22
VR2W-129572,2168,VLVS4,00:00.0,00:00.0,51.3517,4.13251,13
VR2W-129708,2119,bpns-BelwindReefballs,00:00.0,00:00.0,51.70442,2.81259,19
VR2W-129709,2419,bpns-BelwindReefballs,00:00.0,00:00.0,51.70442,2.81259,1154
VR2W-129709,2620,bpns-WKSabrina,00:00.0,00:00.0,51.221667,2.518683,1
VR2W-129710,2236,ws-A3,00:00.0,00:00.0,51.3655375,3.734487,8
VR2W-129711,2494,bpns-WK12,00:00.0,00:00.0,51.461167,3.107,68
VR2W-129711,2646,bpns-WK12,00:00.0,00:00.0,51.461167,3.107,68
VR2W-131000,2553,bpns-BelwindReefballs,00:00.0,00:00.0,51.70442,2.81259,28843
